Passport,ALB,DZA,AND,AGO,ATG,ARG,ARM,AUS,AUT,AZE,BHS,BHR,BGD,BRB,BLR,BEL,BLZ,BEN,BTN,BOL,BIH,BWA,BRA,BRN,BGR,BFA,BDI,KHM,CMR,CAN,CPV,CAF,TCD,CHL,CHN,COL,COM,COG,COD,CRI,CIV,HRV,CUB,CYP,CZE,DNK,DJI,DMA,DOM,ECU,EGY,SLV,GNQ,ERI,EST,SWZ,ETH,FJI,FIN,FRA,GAB,GMB,GEO,DEU,GHA,GRC,GRD,GTM,GIN,GNB,GUY,HTI,HND,HKG,HUN,ISL,IND,IDN,IRN,IRQ,IRL,ISR,ITA,JAM,JPN,JOR,KAZ,KEN,KIR,XKX,KWT,KGZ,LAO,LVA,LBN,LSO,LBR,LBY,LIE,LTU,LUX,MAC,MDG,MWI,MYS,MDV,MLI,MLT,MHL,MRT,MUS,MEX,FSM,MDA,MCO,MNG,MNE,MAR,MOZ,MMR,NAM,NRU,NPL,NLD,NZL,NIC,NER,NGA,PRK,MKD,NOR,OMN,PAK,PLW,PSE,PAN,PNG,PRY,PER,PHL,POL,PRT,QAT,ROU,RUS,RWA,KNA,LCA,WSM,SMR,STP,SAU,SEN,SRB,SYC,SLE,SGP,SVK,SVN,SLB,SOM,ZAF,KOR,SSD,ESP,LKA,VCT,SDN,SUR,SWE,CHE,SYR,TWN,TJK,TZA,THA,TLS,TGO,TON,TTO,TUN,TKM,TUV,TUR,UGA,UKR,ARE,GBR,USA,URY,UZB,VUT,VAT,VEN,VNM,YEM,ZMB,ZWE,AFG
AFG,1,2,2,2,1,2,2,1,2,2,1,1,1,2,2,2,2,1,1,1,2,1,2,2,2,1,1,1,1,2,1,2,2,2,2,1,1,2,1,2,1,2,2,2,2,2,1,1,2,1,2,1,1,2,2,2,1,2,2,2,1,2,1,2,1,2,2,2,1,1,2,1,2,2,2,2,1,2,2,2,2,2,2,2,2,2,2,1,2,2,2,1,2,2,2,1,2,2,2,2,2,1,1,1,1,1,2,2,2,1,2,2,1,1,2,2,2,2,1,2,2,2,2,2,2,2,2,1,2,2,2,1,1,1,2,2,2,2,2,2,2,2,2,2,2,1,1,2,1,2,1,2,2,2,1,1,1,2,2,2,1,2,1,1,2,1,2,2,1,2,2,2,2,1,1,2,1,1,2,2,2,2,1,2,1,2,2,2,2,2,1,2,2,2,1,2,1,1,-1
ALB,-1,2,1,2,1,2,1,1,1,1,1,1,1,1,1,1,2,1,1,1,1,1,1,2,1,1,1,1,1,2,1,2,2,1,1,1,1,2,1,2,1,1,2,1,1,1,1,1,1,1,1,1,1,2,1,2,1,2,1,1,1,1,1,1,1,1,2,2,1,1,1,1,2,1,1,1,1,1,1,2,2,1,1,1,2,1,1,1,2,1,2,1,1,1,2,1,2,2,1,1,1,1,1,1,1,1,2,1,2,1,1,2,1,1,1,1,1,2,1,1,2,2,1,1,2,2,2,1,2,1,1,1,1,1,1,2,2,2,2,2,1,1,2,1,2,1,1,2,1,1,1,1,2,1,1,1,1,1,1,2,1,1,1,1,1,1,1,2,2,1,1,2,2,1,1,1,1,1,2,1,2,2,1,1,1,1,1,2,2,2,1,2,1,2,1,2,1,1,2
DZA,1,-1,2,1,1,2,1,1,2,1,1,1,2,1,2,2,2,1,1,1,2,1,2,2,2,1,1,1,1,2,1,2,2,2,2,1,1,2,1,2,1,2,2,2,2,2,1,1,2,1,2,1,1,2,2,2,1,2,2,2,1,1,1,2,1,2,2,2,1,1,2,1,2,1,2,2,2,2,1,2,2,2,2,2,2,1,1,1,2,2,2,1,2,2,1,1,2,2,2,2,2,1,1,1,1,1,1,2,2,1,1,2,1,1,2,2,2,1,1,1,2,2,1,2,2,1,2,1,2,2,2,1,1,1,1,2,2,2,2,2,2,2,2,2,2,1,1,2,1,2,1,2,1,2,1,1,1,2,2,2,1,1,1,1,2,1,1,2,2,2,2,1,2,1,1,1,1,1,2,2,1,2,1,2,1,2,2,2,2,2,1,2,2,2,1,1,1,1,2
AND,1,2,-1,2,1,1,1,1,1,1,1,1,1,1,1,1,1,1,1,1,1,1,1,2,1,1,1,1,1,1,1,2,2,1,2,1,1,2,1,1,1,1,2,1,1,1,1,1,1,1,1,1,1,2,1,1,1,2,1,1,1,1,1,1,1,1,2,1,1,1,2,1,1,1,1,1,1,1,1,2,1,1,1,1,1,1,1,1,2,1,1,1,1,1,1,1,2,2,1,1,1,1,1,1,1,1,2,1,1,1,1,1,1,1,1,1,1,1,1,2,2,2,1,1,1,1,2,1,2,1,1,1,1,1,1,1,1,1,1,1,1,1,1,1,1,1,1,1,1,1,1,1,1,1,1,1,1,1,1,1,1,1,1,1,1,1,1,2,2,1,1,2,1,1,1,1,1,1,2,2,1,2,1,1,1,1,1,1,1,1,1,1,1,1,1,2,1,1,2
AGO,1,2,2,-1,1,2,2,1,2,2,1,1,1,1,2,2,2,1,1,1,2,1,2,2,2,1,1,1,1,2,1,2,2,2,2,1,1,2,1,2,1,2,2,2,2,2,1,1,2,1,2,1,1,2,2,2,1,2,2,2,1,1,1,2,1,2,2,2,1,1,2,1,2,2,2,2,1,2,1,2,2,2,2,2,2,1,1,1,2,2,2,1,1,2,2,1,2,2,2,2,2,1,1,1,1,1,2,2,2,1,1,2,1,1,2,1,2,2,1,2,1,2,1,2,2,1,2,1,2,2,2,1,1,1,2,2,2,2,2,1,2,2,2,2,2,1,1,2,1,2,1,2,1,2,1,1,1,2,2,2,1,1,1,1,2,1,1,2,1,2,2,2,2,1,1,2,1,1,2,2,1,2,1,2,1,2,2,2,2,2,1,2,2,2,1,2,1,1,2
ATG,1,2,1,1,-1,2,1,1,1,2,1,1,1,1,1,1,1,1,1,1,1,1,1,2,1,1,1,1,1,2,1,2,2,1,2,1,1,2,1,1,1,1,1,1,1,1,1,1,1,1,1,1,1,2,1,1,1,1,1,1,1,1,1,1,1,1,1,1,1,1,1,1,1,1,1,1,1,2,1,2,1,2,1,1,2,1,1,1,1,1,2,1,1,1,1,1,2,2,1,1,1,1,1,1,1,1,2,1,2,1,1,2,1,1,1,1,1,2,1,2,2,2,1,1,2,1,2,1,2,1,1,1,1,1,1,1,1,2,1,1,1,1,1,1,1,1,1,1,1,1,1,2,2,1,1,1,1,1,1,1,1,1,1,1,1,1,1,2,1,1,1,2,2,1,1,1,1,1,2,1,1,2,1,1,1,1,2,1,2,2,1,1,1,1,1,2,1,1,2
ARG,1,2,1,1,1,-1,1,1,1,1,1,1,1,1,1,1,1,1,1,1,1,1,1,2,1,1,1,1,1,2,1,2,2,1,2,1,1,2,1,1,1,1,2,1,1,1,1,1,1,1,1,1,1,2,1,1,1,1,1,1,1,2,1,1,1,1,1,1,1,1,1,1,1,1,1,1,1,1,1,2,1,1,1,1,1,1,1,1,1,1,2,1,1,1,1,1,2,2,1,1,1,1,1,1,1,1,2,1,1,1,1,1,1,1,1,1,1,1,1,1,2,2,1,1,1,1,2,1,2,1,1,1,1,1,1,1,1,1,1,1,1,1,1,1,1,1,1,1,1,1,1,2,1,1,1,1,1,1,1,1,1,1,1,1,1,1,1,2,1,1,1,2,2,1,1,1,1,1,2,1,1,2,1,1,1,1,1,1,2,1,1,1,1,1,1,2,1,1,2
ARM,1,2,2,2,1,1,-1,1,2,0,1,1,1,1,1,2,2,1,1,1,2,1,1,2,2,1,1,1,1,2,1,2,2,2,1,1,1,2,1,2,1,2,2,2,2,2,1,1,2,1,1,1,1,2,2,2,1,2,2,2,1,1,1,2,1,2,2,2,1,1,2,1,2,1,2,2,1,2,1,2,2,2,2,1,2,1,1,1,2,2,2,1,1,2,1,1,2,2,2,2,2,1,1,1,1,1,2,2,2,1,1,2,1,1,2,1,1,2,1,2,1,2,1,2,2,2,2,1,2,2,2,1,2,1,1,1,2,2,2,2,2,2,1,2,1,1,1,2,1,2,1,2,1,1,1,1,1,2,2,2,1,2,1,1,2,1,1,2,2,2,2,2,2,1,1,2,1,1,2,2,2,2,1,1,1,1,2,2,2,1,1,2,2,2,1,2,1,1,2
AUS,1,2,1,1,1,1,1,-1,1,1,1,1,1,1,1,1,1,1,1,1,1,1,1,1,1,1,1,1,1,1,1,2,2,1,2,1,1,2,1,1,1,1,2,1,1,1,1,1,1,1,1,1,1,2,1,1,1,1,1,1,1,1,1,1,1,1,1,1,1,1,1,1,1,1,1,1,1,1,1,1,1,1,1,1,1,1,1,1,1,1,1,1,1,1,1,1,2,2,1,1,1,1,1,1,1,1,2,1,1,1,1,1,1,1,1,1,1,1,1,1,1,2,1,1,1,1,2,1,2,1,1,1,1,1,1,1,1,1,1,1,1,1,1,1,2,1,1,1,1,1,1,1,1,1,1,1,1,1,1,1,1,1,1,1,1,1,1,2,2,1,1,2,1,1,1,1,1,1,1,1,1,2,1,1,1,1,1,1,1,1,1,1,1,1,1,2,1,1,2
AUT,1,2,1,1,1,1,1,1,-1,1,1,1,1,1,1,1,1,1,1,1,1,1,1,1,1,1,1,1,1,1,1,2,2,1,2,1,1,2,1,1,1,1,2,1,1,1,1,1,1,1,1,1,1,2,1,1,1,1,1,1,1,1,1,1,1,1,1,1,1,1,1,1,1,1,1,1,1,1,1,1,1,1,1,1,1,1,1,1,1,1,1,1,1,1,1,1,2,2,1,1,1,1,1,1,1,1,2,1,1,1,1,1,1,1,1,1,1,1,1,1,1,2,1,1,1,1,2,1,2,1,1,1,1,1,1,1,1,1,1,1,1,1,1,1,1,1,1,1,1,1,1,1,1,1,1,1,1,1,1,1,1,1,1,1,1,1,1,2,2,1,1,2,1,1,1,1,1,1,1,1,1,2,1,1,1,1,1,1,1,1,1,1,1,1,1,2,1,1,2
AZE,1,2,2,2,1,2,0,1,2,-1,1,1,1,1,1,2,2,1,1,1,1,1,2,2,2,1,1,1,1,2,1,2,2,2,2,1,1,2,1,2,1,2,2,2,2,2,1,1,2,1,1,1,1,2,2,2,1,2,2,2,1,1,1,2,1,2,2,2,1,1,2,1,2,2,2,2,1,2,1,2,2,2,2,1,2,1,1,1,2,2,2,1,1,2,1,1,2,2,2,2,2,1,1,1,1,1,2,2,1,1,1,2,1,1,2,2,1,2,1,2,1,2,1,2,2,1,2,1,2,2,2,1,1,1,1,2,2,2,2,2,2,2,1,2,1,1,1,2,1,2,1,1,2,1,1,1,1,2,2,2,1,2,1,1,2,1,1,2,2,2,2,2,2,1,1,2,1,1,2,2,2,2,1,1,1,1,1,2,2,2,1,1,2,2,1,2,1,1,2
BHS,1,2,1,1,1,2,1,1,1,1,-1,1,1,1,2,1,1,1,1,1,1,1,1,2,1,1,1,1,1,1,1,2,2,1,1,1,1,2,1,1,1,1,2,1,1,1,1,1,1,1,1,1,1,2,1,1,1,1,1,1,1,1,1,1,1,1,1,1,1,1,1,1,1,1,1,1,1,2,1,2,1,1,1,1,1,1,1,1,1,1,2,1,1,1,1,1,2,2,1,1,1,1,1,1,1,1,2,1,2,1,1,1,1,1,1,1,1,2,1,2,2,2,1,1,2,1,2,1,2,1,1,1,1,1,1,1,1,2,1,1,1,1,1,1,2,1,1,1,1,1,1,2,1,1,1,1,1,1,1,1,1,1,1,1,1,1,1,2,1,1,1,2,2,1,1,1,1,1,1,1,2,2,1,1,1,2,1,1,1,1,1,1,1,2,1,2,1,1,2
BHR,1,2,2,2,1,2,1,1,2,1,1,-1,1,1,1,2,2,1,1,1,2,1,2,1,2,1,1,1,1,2,1,2,2,2,2,1,1,2,1,2,1,2,2,2,2,2,1,1,1,1,1,1,1,2,2,2,1,2,2,2,1,2,1,2,1,2,2,1,1,1,2,1,1,1,2,2,2,1,1,1,2,2,2,2,2,1,1,1,2,1,1,1,1,2,1,1,2,2,2,2,2,1,1,1,1,1,2,2,2,1,1,2,1,1,2,2,2,1,1,2,2,2,1,2,1,1,2,1,2,2,2,1,1,1,1,2,2,2,2,1,2,2,1,2,1,1,1,2,1,2,1,1,1,1,1,1,1,2,2,2,1,2,1,1,2,1,1,2,2,2,2,1,1,1,1,1,1,1,2,2,1,2,1,1,1,1,1,1,2,2,10,1,2,2,1,1,1,1,2
BGD,1,2,2,2,1,2,2,1,2,2,1,1,-1,1,2,2,2,1,1,1,2,1,2,2,2,1,1,1,1,2,1,2,2,2,2,1,1,2,1,2,1,2,2,2,2,2,1,1,2,1,2,1,1,2,2,2,1,1,2,2,1,1,1,2,1,2,1,2,1,1,2,1,2,2,2,2,2,2,2,0,2,2,2,1,2,2,1,1,1,2,2,1,2,2,2,2,2,2,2,2,2,2,1,1,1,1,2,2,2,1,2,2,1,1,2,2,2,2,1,1,2,2,1,2,2,2,2,1,2,2,2,1,1,2,2,2,2,2,2,2,2,2,2,2,2,1,1,2,1,2,1,2,2,2,1,1,1,2,2,2,1,2,1,1,2,1,1,2,1,2,2,2,2,1,1,2,1,1,2,1,2,2,1,2,1,2,2,2,2,2,1,1,2,2,1,2,1,1,2
BRB,1,2,1,1,1,1,1,1,1,1,1,1,1,-1,1,1,1,1,1,1,1,1,1,2,1,1,1,1,1,1,1,2,2,1,1,1,1,2,1,1,1,1,1,1,1,1,1,1,1,1,1,1,1,2,1,1,1,1,1,1,1,1,1,1,1,1,1,1,1,1,1,1,1,1,1,1,1,2,1,2,1,1,1,1,1,1,1,1,1,1,2,1,1,1,1,1,2,2,1,1,1,1,1,1,1,1,2,1,1,1,1,1,1,1,1,1,1,2,1,2,2,2,1,1,2,1,2,1,2,1,1,1,1,1,1,1,1,2,1,1,1,1,2,1,2,1,1,1,1,1,1,2,1,1,1,1,1,1,1,1,1,1,1,1,1,1,1,2,1,1,1,2,2,1,1,1,1,1,1,1,1,2,1,1,1,2,1,1,2,1,1,1,1,1,1,2,1,1,2
BLR,1,2,2,2,1,1,1,1,2,1,1,1,1,1,-1,2,2,1,1,1,2,1,1,2,2,1,1,1,1,2,1,2,2,2,1,1,1,2,1,2,1,2,1,2,2,2,1,1,2,1,1,1,1,2,2,2,1,2,2,2,1,1,1,2,1,2,2,2,1,1,2,1,2,1,2,2,1,1,1,2,2,1,2,1,2,1,1,1,2,2,2,1,1,2,1,1,2,2,2,2,2,1,1,1,1,1,2,2,2,1,1,2,1,1,2,1,1,2,1,1,1,2,1,2,2,1,2,1,2,2,2,1,1,1,1,1,2,2,1,2,2,2,1,2,1,1,1,2,1,2,1,2,2,1,1,1,1,2,2,2,1,1,1,1,2,1,1,2,2,2,2,2,2,1,1,2,1,1,2,2,1,2,1,1,1,1,1,2,2,2,1,1,2,1,1,2,1,1,2
BEL,1,2,1,1,1,1,1,1,1,1,1,1,1,1,1,-1,1,1,1,1,1,1,1,1,1,1,1,1,1,1,1,2,2,1,2,1,1,2,1,1,1,1,2,1,1,1,1,1,1,1,1,1,1,2,1,1,1,1,1,1,1,1,1,1,1,1,1,1,1,1,1,1,1,1,1,1,1,1,1,1,1,1,1,1,1,1,1,1,1,1,1,1,1,1,1,1,2,2,1,1,1,1,1,1,1,1,2,1,1,1,1,1,1,1,1,1,1,1,1,1,1,2,1,1,1,1,2,1,2,1,1,1,1,1,1,1,1,1,1,1,1,1,1,1,1,1,1,1,1,1,1,1,1,1,1,1,1,1,1,1,1,1,1,1,1,1,1,2,2,1,1,2,1,1,1,1,1,1,1,1,1,2,1,1,1,1,1,1,1,1,1,1,1,1,1,2,1,1,2
BLZ,1,2,2,1,1,2,1,1,2,2,1,1,2,1,2,2,-1,1,1,1,2,1,1,2,2,1,1,1,1,2,1,2,2,1,2,1,1,2,1,1,1,2,2,2,2,2,1,1,1,1,2,1,1,2,2,1,1,1,2,2,1,1,1,2,1,2,1,1,1,1,1,1,1,1,2,2,1,2,1,2,1,1,2,1,2,1,1,1,1,1,2,1,1,2,1,1,2,2,2,2,2,1,1,1,1,1,2,2,1,1,1,1,1,1,2,1,2,2,1,2,2,2,1,2,2,1,2,1,2,2,2,1,1,1,1,1,1,2,1,1,2,2,2,2,1,1,1,1,1,2,1,2,2,2,1,1,1,2,2,1,1,1,1,1,2,1,1,2,1,2,2,2,1,1,1,2,1,1,2,1,2,2,1,1,1,2,2,1,2,1,1,1,2,1,1,2,1,1,2
BEN,1,2,2,2,1,2,2,1,2,2,1,1,1,1,2,2,2,-1,1,1,2,1,2,2,2,1,1,1,1,2,1,1,1,2,2,1,1,1,1,2,1,2,2,2,2,2,1,1,2,1,2,1,1,2,2,2,1,2,2,2,1,1,1,2,1,2,2,2,1,1,2,1,2,1,2,2,1,2,1,2,2,2,2,2,2,1,1,1,2,2,2,1,1,2,2,1,1,2,2,2,2,1,1,1,1,1,1,2,2,1,1,2,1,1,2,1,2,2,1,2,1,2,1,2,2,1,1,1,2,2,2,1,1,1,2,2,2,2,2,1,2,2,2,2,2,1,1,1,1,2,1,2,1,2,1,1,1,2,2,2,1,1,1,1,2,1,1,2,2,2,2,2,2,1,1,2,1,1,2,2,1,2,1,2,1,2,2,2,2,2,1,2,2,2,1,2,1,1,2
BTN,1,2,2,2,1,2,1,1,2,2,1,1,1,1,2,2,2,1,-1,1,2,1,2,2,2,1,1,1,1,2,1,2,2,2,2,1,1,2,1,2,1,2,2,2,2,2,1,1,2,1,1,1,1,2,2,2,1,2,2,2,1,1,1,2,1,2,2,2,1,1,2,1,2,1,2,2,1,2,1,2,2,2,2,2,2,1,1,1,2,2,1,1,1,2,1,1,2,2,2,2,2,1,1,1,1,1,2,2,2,1,1,2,1,1,2,1,2,2,1,1,2,2,1,2,2,1,2,1,2,2,2,1,1,1,1,1,2,2,2,1,2,2,2,2,2,1,1,1,1,2,1,2,2,2,1,1,1,2,2,2,1,2,1,1,2,1,1,2,2,2,2,2,2,1,1,1,1,1,2,2,2,2,1,2,1,2,2,2,2,2,1,2,2,2,1,2,1,1,2
BOL,1,2,2,2,1,1,1,1,2,1,1,1,1,1,2,2,1,1,1,-1,2,1,1,2,2,1,1,1,1,2,1,2,2,1,2,1,1,2,1,1,1,2,2,2,2,2,1,1,1,1,1,1,1,2,2,2,1,2,2,2,1,1,1,2,1,2,2,2,1,1,2,1,2,1,2,2,1,2,1,2,2,2,2,1,2,1,1,1,1,2,2,1,1,2,2,1,2,2,2,2,2,1,1,1,1,1,2,2,2,1,1,1,1,1,2,1,2,2,1,1,2,2,1,2,2,1,2,1,2,2,2,1,1,1,1,1,2,1,1,1,2,2,1,2,1,1,1,1,1,2,1,2,2,2,1,1,1,2,2,2,1,1,1,1,2,1,1,2,2,2,2,2,2,1,1,2,1,1,2,2,2,2,1,1,1,2,2,2,2,1,1,2,2,1,1,2,1,1,2
BIH,1,2,1,2,1,1,1,1,1,1,1,1,1,2,1,1,2,1,1,1,-1,1,1,2,1,1,1,1,1,2,1,2,2,1,1,1,1,2,1,2,1,1,1,1,1,1,1,1,1,1,1,1,1,2,1,1,1,2,1,1,1,1,1,1,1,1,2,2,1,1,2,1,2,1,1,1,1,1,1,2,2,2,1,1,2,1,1,1,2,2,2,1,1,1,2,1,2,2,1,1,1,1,1,1,1,1,2,1,2,1,1,2,1,1,1,1,1,2,1,1,2,2,1,1,2,2,2,1,2,1,1,1,1,1,1,1,2,2,2,2,1,1,2,1,1,1,1,1,1,1,1,2,2,1,1,1,1,1,1,2,1,2,1,1,1,1,1,2,2,1,1,2,1,1,1,1,1,1,2,1,1,2,1,1,1,1,2,2,2,2,1,2,1,2,1,2,1,1,2
BWA,1,2,2,1,1,2,2,1,2,2,1,1,1,1,2,2,1,1,1,1,2,-1,1,2,2,1,1,1,1,2,1,2,2,2,2,1,1,2,1,2,1,2,2,2,2,2,1,1,1,1,2,1,1,2,2,1,1,1,2,2,1,1,1,2,1,2,1,2,1,1,1,1,2,1,2,2,1,2,1,2,1,1,2,1,2,1,1,1,1,1,2,1,1,2,2,1,2,2,2,2,2,1,1,1,1,1,2,2,2,1,1,2,1,1,2,1,2,2,1,2,1,2,1,2,2,2,2,1,2,1,2,1,1,1,2,1,1,2,2,1,2,2,1,2,1,1,1,1,1,2,1,2,1,2,1,1,1,2,2,2,1,1,1,1,2,1,1,2,2,2,2,2,2,1,1,2,1,1,2,1,2,2,1,2,1,2,2,1,2,2,1,1,2,2,1,2,1,1,2
BRA,1,2,1,1,1,1,1,1,1,1,1,1,2,1,1,1,1,1,1,1,1,1,-1,2,1,1,1,1,1,2,1,2,2,1,2,1,1,2,1,1,1,1,2,1,1,1,1,1,1,1,1,1,1,2,1,1,1,1,1,1,1,2,1,1,1,1,1,1,1,1,1,1,1,1,1,1,1,1,1,2,1,1,1,1,1,1,1,1,1,1,2,1,1,1,1,1,2,2,1,1,1,1,1,1,1,1,2,1,1,1,1,2,1,1,1,1,1,1,1,1,1,2,1,1,1,1,2,1,2,1,1,1,1,1,1,1,1,1,1,1,1,1,1,1,1,1,1,1,1,1,1,2,1,1,1,1,1,1,1,1,1,1,1,1,1,1,1,2,1,1,1,2,2,1,1,1,1,1,1,1,1,2,1,1,1,1,1,1,2,1,1,1,1,1,1,2,1,1,2
BRN,1,2,1,2,1,2,1,1,1,1,1,1,2,1,2,1,1,1,1,1,1,1,2,-1,1,1,1,1,1,1,1,2,2,2,1,1,1,2,1,1,1,1,2,1,1,1,1,1,1,1,1,1,1,2,1,1,1,1,1,1,1,1,1,1,1,1,1,1,1,1,2,1,1,1,1,1,1,1,1,2,1,2,1,1,1,1,1,1,1,1,1,1,1,1,2,1,2,2,1,1,1,1,1,1,1,1,2,1,1,1,1,2,1,1,1,1,1,2,1,1,2,2,1,1,1,1,2,1,2,1,1,1,1,1,1,1,1,2,1,1,1,1,1,1,1,1,1,1,1,1,1,1,1,2,1,1,1,1,1,1,1,2,1,1,1,1,1,2,2,1,1,2,1,1,1,1,1,1,1,1,1,2,1,1,1,1,1,1,1,2,1,1,1,2,1,2,1,1,2
BGR,1,2,1,1,1,1,1,1,1,1,1,1,1,1,1,1,1,1,1,1,1,1,1,1,-1,1,1,1,1,1,1,2,2,1,2,1,1,2,1,1,1,1,2,1,1,1,1,1,1,1,1,1,1,2,1,2,1,1,1,1,1,1,1,1,1,1,1,1,1,1,2,1,1,1,1,1,1,1,1,1,1,1,1,1,1,1,1,1,1,1,1,1,1,1,1,1,2,2,1,1,1,1,1,1,1,1,2,1,1,1,1,1,1,1,1,1,1,1,1,1,1,2,1,1,1,1,2,1,2,1,1,1,1,1,1,1,1,1,1,1,1,1,1,1,1,1,1,1,1,1,1,1,1,1,1,1,1,1,1,1,1,1,1,1,1,1,1,2,2,1,1,2,1,1,1,1,1,1,1,1,1,2,1,1,1,1,1,1,2,1,1,1,1,1,1,2,1,1,2
BFA,1,2,2,2,1,2,2,1,2,2,1,1,1,1,2,2,2,1,1,1,2,1,2,2,2,-1,1,1,1,2,1,1,1,2,2,1,1,1,1,2,1,2,2,2,2,2,1,1,2,1,2,1,1,2,2,2,1,2,2,2,1,1,1,2,1,2,2,2,1,1,2,1,2,1,2,2,2,2,1,2,2,2,2,2,2,1,1,1,2,2,2,1,1,2,2,1,1,2,2,2,2,1,1,1,1,1,1,2,2,1,1,2,1,1,2,2,2,1,1,2,1,2,1,2,2,1,1,1,2,2,2,1,1,1,2,2,2,2,2,1,2,2,2,2,2,1,1,1,1,2,1,2,1,2,1,1,1,2,2,2,1,2,1,1,2,1,1,2,2,2,2,2,1,1,1,2,1,1,2,2,1,2,1,2,1,2,2,2,2,2,1,2,2,2,1,2,1,1,2
BDI,1,2,2,2,1,2,2,1,2,2,1,1,1,1,2,2,2,1,1,1,2,1,2,2,2,1,-1,1,1,2,1,1,2,2,2,1,1,2,1,2,1,2,2,2,2,2,1,1,2,1,2,1,1,2,2,2,1,2,2,2,1,1,1,2,1,2,2,2,1,1,2,1,2,2,2,2,1,2,1,2,2,2,2,2,2,1,1,1,2,2,2,1,2,2,2,1,2,2,2,2,2,1,2,1,1,1,2,2,2,1,1,2,1,1,2,1,2,2,1,2,1,2,1,2,2,1,2,1,2,2,2,1,1,1,2,2,2,2,2,1,2,2,2,2,2,1,1,1,1,2,1,2,1,2,1,1,1,2,2,2,1,2,1,1,2,1,1,2,2,2,2,2,2,1,1,2,1,1,2,2,2,2,1,2,1,2,2,2,2,2,1,2,2,2,1,2,1,1,2
KHM,1,2,2,2,1,2,1,1,2,2,1,1,1,1,2,2,2,1,1,1,2,1,2,1,2,1,1,-1,1,2,1,2,2,2,2,1,1,2,1,2,1,2,2,2,2,2,1,1,2,1,1,1,1,2,2,2,1,2,2,2,1,1,1,2,1,2,2,2,1,1,2,1,2,2,2,2,1,1,1,2,2,2,2,2,1,1,1,1,2,2,1,1,1,2,2,1,2,2,2,2,2,1,1,1,1,1,2,2,1,1,1,2,1,1,2,1,2,2,1,1,1,2,1,2,2,1,2,1,2,2,2,1,1,1,1,1,2,2,2,1,2,2,2,2,1,1,1,1,1,2,1,2,2,2,1,1,1,2,2,2,1,2,1,1,2,1,1,2,2,2,2,2,1,1,1,1,1,1,2,2,2,2,1,2,1,2,2,2,2,2,1,2,2,2,1,2,1,1,2
CMR,1,2,2,2,1,2,2,1,2,2,1,1,1,1,2,2,2,1,1,1,2,1,2,2,2,1,1,1,-1,2,1,1,1,2,2,1,1,1,1,2,1,2,2,2,2,2,1,1,2,1,2,1,1,2,2,2,1,2,2,2,1,1,1,2,1,2,1,2,1,1,2,1,2,2,2,2,1,2,1,2,2,2,2,2,2,1,1,1,1,2,2,1,2,2,2,2,2,2,2,2,2,1,1,1,1,1,1,2,2,1,1,2,1,1,2,2,2,2,1,1,1,2,2,2,2,2,2,1,2,2,2,1,1,1,2,2,2,2,2,1,2,2,2,2,2,1,1,1,1,2,1,2,1,2,1,1,1,2,2,2,1,1,1,1,2,1,1,2,1,2,2,2,2,1,1,2,1,1,2,2,2,2,1,2,1,2,2,2,2,2,1,1,2,2,1,2,1,1,2
CAN,1,2,1,1,1,1,1,1,1,1,1,1,1,1,1,1,1,1,1,1,1,1,1,1,1,1,1,1,1,-1,1,2,2,1,2,1,1,2,1,1,1,1,2,1,1,1,1,1,1,1,2,1,1,2,1,1,1,1,1,1,1,1,1,1,1,1,1,1,1,1,1,1,1,1,1,1,2,1,2,1,1,1,1,1,1,1,1,1,1,1,1,1,1,1,1,1,2,2,1,1,1,1,1,1,1,1,2,1,1,1,1,1,1,1,1,1,1,1,1,1,1,2,1,1,1,1,2,1,2,1,1,1,1,1,1,1,1,1,1,1,1,1,1,1,2,1,1,1,1,1,1,1,1,1,1,1,1,1,1,1,1,1,1,1,1,1,1,2,2,1,1,2,1,1,1,1,1,1,1,1,1,2,1,1,1,1,1,1,1,1,1,1,1,2,1,2,1,1,2
CPV,1,2,2,1,1,2,2,1,2,2,1,1,1,1,2,2,2,1,1,1,2,1,2,2,2,1,1,1,1,2,-1,2,2,2,2,1,1,2,1,2,1,2,2,2,2,2,1,1,2,1,2,1,1,2,2,2,1,2,2,2,1,1,1,2,1,2,2,2,1,1,2,1,2,1,2,2,1,2,1,2,2,2,2,2,2,1,2,1,2,2,2,1,1,2,2,1,1,2,2,2,2,1,1,1,1,1,1,2,1,1,1,2,1,1,2,1,2,2,1,2,1,2,1,2,2,1,1,1,2,2,2,1,1,1,1,2,2,2,2,1,2,2,2,2,1,1,1,1,1,2,1,2,1,2,1,1,1,2,2,2,1,1,1,1,2,1,1,2,2,2,2,2,2,1,1,2,1,1,2,2,1,2,1,2,1,2,2,2,2,2,1,2,2,2,1,2,1,1,2
CAF,1,2,2,2,1,2,2,1,2,2,1,1,1,1,2,2,2,1,1,1,2,1,2,2,2,1,1,1,1,2,1,-1,1,2,2,1,1,1,1,2,1,2,2,2,2,2,1,1,2,1,2,1,1,2,2,2,1,2,2,2,1,1,1,2,1,2,2,2,1,1,2,1,2,2,2,2,2,2,1,2,2,2,2,2,2,1,1,1,2,2,2,1,1,2,2,1,2,2,2,2,2,1,1,1,1,1,2,2,2,1,1,2,1,1,2,1,2,2,1,2,1,2,1,2,2,1,2,1,2,2,2,1,1,1,1,2,2,2,2,1,2,2,2,2,2,1,1,2,1,2,1,2,1,2,1,1,1,2,2,2,1,2,1,1,2,1,1,2,2,2,2,2,2,1,1,2,1,1,2,2,2,2,1,2,1,2,2,2,2,2,1,2,2,2,1,2,1,1,2
TCD,1,2,2,2,1,2,2,1,2,2,1,1,1,1,2,2,2,1,1,1,2,1,2,2,2,1,1,1,1,2,1,1,-1,2,2,1,1,1,1,2,1,2,2,2,2,2,1,1,2,1,2,1,1,2,2,2,1,2,2,2,1,1,1,2,1,2,2,2,1,1,2,1,2,1,2,2,2,2,1,2,2,2,2,2,2,1,1,1,2,2,2,1,1,2,2,1,2,2,2,2,2,1,1,1,1,1,1,2,2,1,1,2,1,1,2,2,2,2,1,2,1,2,1,2,2,1,1,1,2,2,2,1,1,1,2,2,2,2,2,1,2,2,2,2,2,1,1,2,1,2,1,2,1,2,1,1,1,2,2,2,1,2,1,1,2,1,1,2,2,2,2,2,2,1,1,2,1,1,2,2,2,2,1,2,1,2,2,2,2,2,1,2,2,2,1,2,1,1,2
CHL,1,2,1,1,1,1,1,1,1,1,1,1,1,1,1,1,1,1,1,1,1,1,1,2,1,1,1,1,1,1,1,2,2,-1,2,1,1,2,1,1,1,1,2,1,1,1,1,1,1,1,1,1,1,2,1,1,1,1,1,1,1,2,1,1,1,1,1,1,1,1,1,1,1,1,1,1,1,1,1,2,1,1,1,1,1,1,1,1,1,1,2,1,1,1,1,1,2,2,1,1,1,1,1,1,1,1,2,1,1,1,1,1,1,1,1,1,1,1,1,1,1,2,1,1,1,1,2,1,2,1,1,1,1,1,1,1,1,1,1,1,1,1,1,1,1,1,1,1,1,1,1,2,2,1,1,1,1,1,1,1,1,1,1,1,1,1,1,2,1,1,1,2,1,1,1,1,1,1,2,1,1,2,1,1,1,1,1,1,1,1,1,1,1,2,1,2,1,1,2
CHN,1,2,2,1,1,2,1,1,2,1,1,1,1,1,1,2,2,1,1,1,1,1,2,1,2,1,1,1,1,2,1,2,2,2,-1,1,1,2,1,2,1,2,2,2,2,2,1,1,2,1,1,1,1,2,2,2,1,1,2,2,1,2,1,2,1,2,1,2,1,1,2,1,2,2,2,2,2,1,1,1,2,2,2,1,2,1,1,1,1,2,2,1,1,2,1,1,2,2,2,2,2,1,1,1,1,1,2,2,2,1,1,2,1,1,2,1,2,1,1,1,2,2,1,2,2,2,2,1,2,2,2,1,1,1,1,2,2,2,2,1,2,2,1,2,1,1,1,1,1,2,1,1,1,1,1,1,1,2,2,2,1,1,1,1,2,1,2,2,1,2,2,2,2,1,1,1,1,1,1,2,1,2,1,1,1,2,1,2,2,2,10,1,2,2,1,2,1,1,2
COL,1,2,1,2,1,1,1,1,1,1,1,1,1,1,2,1,1,1,1,1,1,1,1,2,1,1,1,1,1,2,1,2,2,1,2,-1,1,2,1,2,1,1,2,1,1,1,1,1,1,1,1,1,1,2,1,2,1,1,1,1,1,2,1,1,1,1,2,1,1,1,1,2,1,1,1,1,1,1,2,2,2,1,1,1,2,1,1,1,1,1,2,1,1,1,2,1,2,2,1,1,1,1,1,1,1,1,2,1,1,1,1,1,1,1,1,1,1,1,1,1,2,2,1,1,2,1,2,1,2,1,1,1,1,1,1,1,2,1,1,1,1,1,1,1,1,1,1,2,1,1,1,2,2,1,1,1,1,1,1,2,1,2,1,1,1,1,1,2,2,1,1,2,1,1,1,2,1,1,2,1,2,2,1,1,1,1,1,1,2,1,1,2,1,1,1,2,1,1,2
COM,1,2,2,2,1,2,2,1,2,2,1,1,1,1,2,2,2,1,1,1,2,1,2,2,2,1,1,1,1,2,1,2,2,2,2,1,-1,2,1,2,1,2,2,2,2,2,1,1,2,1,2,1,1,2,2,2,1,2,2,2,1,1,1,2,1,2,2,2,1,1,2,1,2,1,2,2,1,2,1,2,2,2,2,2,2,1,1,1,2,2,2,1,1,2,1,1,2,2,2,2,2,1,1,1,1,1,2,2,2,1,1,2,1,1,2,1,2,2,1,2,1,2,1,2,2,1,2,1,2,2,2,1,1,1,2,1,2,2,2,1,2,2,2,2,2,1,1,1,1,2,1,2,1,2,1,1,1,2,2,2,1,1,1,1,2,1,1,2,2,2,2,2,2,1,1,2,1,1,2,2,1,2,1,2,1,2,2,2,2,2,1,2,2,2,1,2,1,1,2
COG,1,2,2,2,1,2,2,1,2,2,1,1,1,1,2,2,2,1,1,1,2,1,2,2,2,1,1,1,1,2,1,1,1,2,2,1,1,-1,1,2,1,2,2,2,2,2,1,1,2,1,2,1,1,2,2,2,1,2,2,2,1,1,1,2,1,2,2,2,1,1,2,1,2,2,2,2,2,2,1,2,2,2,2,2,2,2,1,1,2,2,2,1,2,2,2,1,2,2,2,2,2,1,1,1,1,1,2,2,2,1,1,2,1,1,2,1,2,1,1,2,2,2,1,2,2,2,2,1,2,2,2,1,1,1,2,2,2,2,2,1,2,2,2,2,2,1,1,2,1,2,1,2,1,2,1,1,1,2,2,2,1,1,1,1,2,1,1,2,2,2,2,2,2,1,1,1,1,1,2,2,2,2,1,2,1,2,2,2,2,2,1,2,2,2,1,2,1,1,2
COD,1,2,2,2,1,2,2,1,2,2,1,1,1,1,2,2,2,1,1,1,2,1,2,2,2,1,1,1,1,2,1,2,2,2,2,1,1,2,-1,2,1,2,2,2,2,2,1,1,2,1,2,1,1,2,2,2,1,2,2,2,1,1,1,2,1,2,2,2,1,1,2,1,2,2,2,2,2,2,1,2,2,2,2,2,2,1,2,1,2,2,2,1,2,2,2,1,2,2,2,2,2,1,1,1,1,1,2,2,2,1,1,2,1,1,2,1,2,2,1,2,2,2,1,2,2,2,2,1,2,2,2,1,1,1,2,2,2,2,2,1,2,2,2,2,2,1,1,2,1,2,1,2,1,2,1,1,1,2,2,2,1,1,1,1,2,1,1,2,2,2,2,2,2,1,1,2,1,1,2,2,2,2,1,2,1,2,2,2,2,2,1,2,2,2,1,2,1,1,2
CRI,1,2,1,2,1,1,1,1,1,1,1,1,1,1,2,1,1,1,1,1,1,1,1,1,1,1,1,1,1,2,1,2,2,1,2,1,1,2,1,-1,1,1,2,1,1,1,1,1,1,1,1,1,1,2,1,2,1,2,1,1,1,2,1,1,1,1,1,1,1,1,1,1,1,1,1,1,1,2,1,2,1,1,1,1,1,1,1,1,1,1,2,1,1,1,1,1,2,2,1,1,1,1,1,1,1,1,2,1,1,1,1,1,1,1,1,1,1,2,1,1,2,2,1,1,2,1,2,1,2,1,1,1,1,1,1,1,2,1,1,1,1,1,1,1,1,1,1,1,1,1,1,2,1,1,1,1,1,1,1,2,1,1,1,1,1,1,1,2,2,1,1,2,2,1,1,2,1,1,2,1,1,2,1,1,1,2,1,1,2,1,1,2,1,1,1,2,1,1,2
CIV,1,2,2,2,1,2,2,1,2,2,1,1,1,1,2,2,2,1,1,1,2,1,2,2,2,1,1,1,1,2,1,1,1,2,2,1,1,1,1,2,-1,2,2,2,2,2,1,1,2,1,2,1,1,2,2,2,1,2,2,2,1,1,1,2,1,2,2,2,1,1,2,1,2,2,2,2,1,2,1,2,2,2,2,2,2,1,1,1,2,2,2,1,2,2,1,1,1,2,2,2,2,1,1,1,1,1,1,2,2,1,1,2,1,1,2,1,2,1,1,1,1,2,1,2,2,1,1,1,2,2,2,1,1,1,2,2,2,2,2,1,2,2,2,2,2,1,1,1,1,2,1,2,1,2,1,1,1,2,2,2,1,1,2,1,2,1,1,2,2,2,2,2,2,1,1,2,1,1,2,2,1,2,1,2,1,2,2,2,2,2,1,2,2,2,1,2,1,1,2
HRV,1,2,1,1,1,1,1,1,1,1,1,1,1,1,1,1,1,1,1,1,1,1,1,1,1,1,1,1,1,1,1,2,2,1,2,1,1,2,1,1,1,-1,2,1,1,1,1,1,1,1,1,1,1,2,1,1,1,1,1,1,1,1,1,1,1,1,1,1,1,1,2,1,1,1,1,1,1,1,1,1,1,1,1,1,1,1,1,1,1,1,1,1,1,1,1,1,2,2,1,1,1,1,1,1,1,1,2,1,1,1,1,1,1,1,1,1,1,1,1,1,2,2,1,1,1,1,2,1,2,1,1,1,1,1,1,1,1,1,1,1,1,1,1,1,1,1,1,1,1,1,1,1,1,1,1,1,1,1,1,1,1,1,1,1,1,1,1,2,2,1,1,2,1,1,1,1,1,1,1,1,1,2,1,1,1,1,1,1,1,1,1,1,1,1,1,2,1,1,2
CUB,1,2,2,1,1,2,1,1,2,1,1,1,1,1,1,2,2,1,1,1,2,1,2,2,2,1,1,1,1,2,1,2,2,2,2,1,1,2,1,2,1,2,-1,2,2,2,1,1,2,1,1,1,1,2,2,2,1,1,2,2,1,1,1,2,1,2,1,2,1,1,1,2,2,2,2,2,1,2,1,2,2,2,2,2,2,1,1,1,1,2,2,1,1,2,2,1,2,2,2,2,2,1,1,1,1,1,2,2,1,1,1,2,1,1,2,1,2,2,1,2,1,2,1,2,2,1,2,1,2,2,2,1,1,1,1,2,2,2,2,2,2,2,1,2,1,1,1,1,1,2,1,2,2,2,1,1,1,2,2,2,1,1,1,1,2,1,1,2,1,2,2,2,2,1,1,2,1,1,2,1,2,2,1,2,1,2,2,2,2,2,1,1,2,2,1,2,1,1,2
CYP,1,2,1,1,1,1,1,1,1,1,1,1,1,1,1,1,1,1,1,1,1,1,1,1,1,1,1,1,1,1,1,2,2,1,2,1,1,2,1,1,1,1,2,-1,1,1,1,1,1,1,1,1,1,2,1,1,1,1,1,1,1,1,1,1,1,1,1,1,1,1,2,1,1,1,1,1,1,1,1,1,1,1,1,1,1,1,1,1,1,1,1,1,1,1,1,1,2,2,1,1,1,1,1,1,1,1,2,1,1,1,1,1,1,1,1,1,1,1,1,1,2,2,1,1,1,1,2,1,2,1,1,1,1,1,1,1,1,1,1,1,1,1,1,1,1,1,1,1,1,1,1,1,1,1,1,1,1,1,1,1,1,1,1,1,1,1,1,2,2,1,1,2,1,1,1,1,1,1,1,1,2,2,1,1,1,1,1,1,2,1,1,1,1,1,1,2,1,1,2
CZE,1,2,1,1,1,1,1,1,1,1,1,1,1,1,1,1,1,1,1,1,1,1,1,1,1,1,1,1,1,1,1,2,2,1,2,1,1,2,1,1,1,1,2,1,-1,1,1,1,1,1,1,1,1,2,1,1,1,1,1,1,1,1,1,1,1,1,1,1,1,1,2,1,1,1,1,1,1,1,1,1,1,1,1,1,1,1,1,1,1,1,1,1,1,1,1,1,2,2,1,1,1,1,1,1,1,1,2,1,1,1,1,1,1,1,1,1,1,1,1,1,1,2,1,1,1,1,2,1,2,1,1,1,1,1,1,1,1,1,1,1,1,1,1,1,1,1,1,1,1,1,1,1,1,1,1,1,1,1,1,1,1,1,1,1,1,1,1,2,2,1,1,2,1,1,1,1,1,1,1,1,1,2,1,1,1,1,1,1,1,1,1,1,1,1,1,2,1,1,2
DNK,1,2,1,1,1,1,1,1,1,1,1,1,1,1,1,1,1,1,1,1,1,1,1,1,1,1,1,1,1,1,1,2,2,1,2,1,1,2,1,1,1,1,2,1,1,-1,1,1,1,1,1,1,1,2,1,1,1,1,1,1,1,1,1,1,1,1,1,1,1,1,1,1,1,1,1,1,1,1,1,1,1,1,1,1,1,1,1,1,1,1,1,1,1,1,1,1,2,2,1,1,1,1,1,1,1,1,2,1,1,1,1,1,1,1,1,1,1,1,1,1,1,2,1,1,1,1,2,1,2,1,1,1,1,1,1,1,1,1,1,1,1,1,1,1,1,1,1,1,1,1,1,1,1,1,1,1,1,1,1,1,1,1,1,1,1,1,1,2,1,1,1,2,1,1,1,1,1,1,1,1,1,2,1,1,1,1,1,1,1,1,1,1,1,1,1,2,1,1,2
DJI,1,2,2,2,1,2,2,1,2,1,1,1,1,1,2,2,2,1,1,1,2,1,2,2,2,1,1,1,1,2,1,2,2,2,2,1,1,2,1,2,1,2,2,2,2,2,-1,1,2,1,2,1,1,2,2,2,1,2,2,2,1,1,1,2,1,2,2,2,1,1,2,1,2,1,2,2,1,2,1,2,2,2,2,2,2,1,1,1,2,2,2,1,1,2,1,1,2,2,2,2,2,1,1,1,1,1,2,2,2,1,1,2,1,1,2,1,2,2,1,2,1,2,1,2,2,1,2,1,2,2,2,1,1,1,2,2,2,2,2,1,2,2,2,2,2,1,1,1,1,2,1,2,1,2,1,1,1,2,2,2,1,2,1,1,2,1,1,2,2,2,2,2,2,1,1,2,1,1,2,2,2,2,1,2,1,2,2,2,2,2,1,2,2,2,1,2,1,1,2
DMA,1,2,1,2,1,1,1,1,1,2,1,1,1,1,1,1,1,1,1,1,1,1,1,2,1,1,1,1,1,2,1,2,2,2,1,1,1,2,1,1,1,1,1,1,1,1,1,-1,1,1,1,1,1,2,1,1,1,1,1,1,1,1,1,1,1,1,1,2,1,1,1,1,2,1,1,1,1,2,1,2,1,1,1,1,2,1,1,1,1,1,2,1,1,1,2,1,2,2,1,1,1,1,1,1,1,1,2,1,2,1,1,2,1,1,1,1,1,2,1,2,2,2,1,1,2,1,2,1,2,2,1,1,1,1,1,1,1,2,1,1,1,1,2,1,1,1,1,1,1,1,1,2,2,1,1,1,1,1,1,1,1,2,1,1,1,1,1,2,1,1,1,2,1,1,1,1,1,1,1,1,2,2,1,1,1,1,2,2,2,1,1,1,1,1,1,2,1,1,2
DOM,1,2,2,1,1,2,1,1,2,2,1,1,1,2,2,2,1,1,1,1,2,1,1,2,2,1,1,1,1,2,1,2,2,2,2,1,1,2,1,2,1,2,2,2,2,2,1,2,-1,1,1,1,1,2,2,2,1,2,2,2,1,1,1,2,1,2,1,2,1,1,1,2,1,1,2,2,1,2,1,2,2,1,2,2,1,1,1,1,1,2,2,1,1,2,1,1,2,2,2,2,2,1,1,1,1,1,2,2,2,1,1,2,1,1,2,2,2,1,1,2,2,2,1,2,2,1,2,1,2,2,2,1,1,1,1,2,2,1,1,1,2,2,1,2,1,1,1,2,1,2,1,2,1,2,1,1,1,2,2,1,1,2,1,1,2,1,2,2,1,2,2,2,1,1,1,1,1,1,2,1,7,2,1,1,1,2,2,2,2,2,1,2,2,2,1,2,1,1,2
ECU,1,2,2,2,1,1,1,1,2,1,1,1,1,1,1,2,2,1,1,1,2,1,1,2,2,1,1,1,1,2,1,2,2,1,1,1,1,2,1,2,1,2,2,2,2,2,1,1,1,-1,1,1,1,2,2,2,1,2,2,2,1,1,1,2,1,2,1,2,1,1,1,1,1,1,2,2,1,1,1,2,2,1,2,1,2,1,1,1,2,2,2,1,1,2,2,1,2,2,2,2,2,1,1,1,1,1,2,2,2,1,1,2,1,1,2,1,1,2,1,1,2,2,1,2,2,1,2,1,2,2,2,1,1,1,1,1,1,1,1,1,2,2,1,2,1,1,1,1,1,2,1,2,2,2,1,1,1,2,2,2,1,1,1,1,2,1,1,2,2,2,2,2,1,1,1,2,1,1,2,1,2,2,1,1,1,1,2,2,2,1,1,2,2,1,1,2,1,1,2
EGY,1,2,2,2,1,2,1,1,2,2,1,1,2,1,2,2,2,1,1,1,2,1,2,2,2,1,1,1,1,2,1,2,2,2,2,1,1,2,1,2,1,2,2,2,2,2,1,1,2,1,-1,1,1,2,2,2,1,2,2,2,1,1,1,2,1,2,2,2,1,1,2,1,2,1,2,2,2,1,1,2,2,2,2,2,2,1,1,1,1,2,2,1,1,2,1,1,2,2,2,2,2,1,1,1,1,1,2,2,1,1,1,2,1,1,2,2,2,2,1,1,2,2,1,2,2,1,2,1,2,2,2,1,1,1,1,2,2,2,2,2,2,2,2,2,2,1,1,2,1,2,1,2,1,2,1,1,1,2,2,2,1,1,1,1,2,1,1,2,1,2,2,2,2,1,1,2,1,1,2,2,2,2,1,2,1,2,2,2,2,2,1,2,2,2,1,1,1,1,2
SLV,1,2,1,2,1,1,1,1,1,2,1,1,1,1,1,1,1,1,1,1,1,1,1,2,1,1,1,1,1,2,1,2,2,1,2,1,1,2,1,1,1,1,2,1,1,1,1,1,1,1,1,-1,1,2,1,2,1,2,1,1,1,2,1,1,1,1,1,1,1,1,2,1,1,1,1,1,1,2,1,2,1,1,1,1,1,1,1,1,1,1,2,1,1,1,2,1,2,2,1,1,1,1,1,1,1,1,2,1,2,1,1,2,1,1,1,1,1,2,1,2,2,2,1,1,2,1,2,1,2,1,1,1,1,1,1,1,2,1,1,1,1,1,2,1,1,1,1,1,1,1,1,2,1,2,1,1,1,1,1,2,1,2,1,1,1,1,1,2,2,1,1,2,2,1,1,2,1,1,2,1,2,2,1,1,1,2,1,2,2,1,1,2,1,2,1,2,1,1,2
GNQ,1,2,2,1,1,2,2,1,2,2,1,1,1,1,2,2,2,1,1,1,2,1,2,2,2,1,1,1,1,2,1,1,1,2,2,1,1,1,1,2,1,2,2,2,2,2,1,1,2,1,2,1,-1,2,2,2,1,2,2,2,1,1,1,2,1,2,2,2,1,1,2,1,2,1,2,2,1,2,1,2,2,2,2,2,2,1,2,1,2,2,2,1,1,2,2,1,2,2,2,2,2,1,1,1,1,1,2,2,2,1,1,2,1,1,2,1,2,2,1,2,1,2,1,2,2,1,2,1,2,2,2,1,1,1,1,2,2,2,2,1,2,2,2,2,2,1,1,1,1,2,1,2,1,2,1,1,1,2,2,2,1,2,1,1,2,1,1,2,2,2,2,2,2,1,1,2,1,1,2,2,1,2,1,1,1,2,2,2,2,2,1,2,2,2,1,2,1,1,2
ERI,1,2,2,2,1,2,2,1,2,2,1,1,1,2,2,2,2,1,1,1,2,1,2,2,2,1,1,1,1,2,1,2,2,2,2,1,1,2,1,2,1,2,2,2,2,2,1,1,2,1,2,1,1,-1,2,2,1,2,2,2,1,1,1,2,1,2,2,2,1,1,2,1,2,2,2,2,1,2,1,2,2,2,2,2,2,1,1,1,2,2,2,1,1,2,2,1,2,2,2,2,2,1,1,1,1,1,2,2,2,1,1,2,1,1,2,1,2,2,1,1,1,2,1,2,2,2,2,1,2,2,2,1,1,1,2,2,2,2,2,1,2,2,2,2,2,1,1,2,1,2,1,2,2,2,1,1,1,2,2,2,1,2,1,1,2,1,1,2,1,2,2,2,2,1,1,2,1,1,2,2,2,2,1,2,1,2,2,2,2,2,1,2,2,2,1,2,1,1,2
EST,1,2,1,1,1,1,1,1,1,1,1,1,1,1,1,1,1,1,1,1,1,1,1,1,1,1,1,1,1,1,1,2,2,1,2,1,1,2,1,1,1,1,2,1,1,1,1,1,1,1,1,1,1,2,-1,1,1,1,1,1,1,1,1,1,1,1,1,1,1,1,2,1,1,1,1,1,1,1,1,1,1,1,1,1,1,1,1,1,1,1,1,1,1,1,1,1,2,2,1,1,1,1,1,1,1,1,2,1,1,1,1,1,1,1,1,1,1,1,1,1,2,2,1,1,1,1,2,1,2,1,1,1,1,1,1,1,1,1,1,1,1,1,1,1,1,1,1,1,1,1,1,1,1,1,1,1,1,1,1,1,1,2,1,1,1,1,1,2,2,1,1,2,1,1,1,1,1,1,1,1,1,2,1,1,1,1,1,1,1,1,1,1,1,1,1,2,1,1,2
SWZ,1,2,2,1,1,2,2,1,2,2,1,1,1,1,2,2,1,1,1,1,2,1,2,2,2,1,1,1,1,2,1,2,2,2,2,1,1,2,1,2,1,2,2,2,2,2,1,1,2,1,2,1,1,2,2,-1,1,1,2,2,1,1,1,2,1,2,1,2,1,1,1,1,2,1,2,2,1,2,1,2,1,1,2,1,2,1,1,1,1,1,2,1,2,2,2,1,2,2,2,2,2,1,1,1,1,1,2,2,2,1,1,2,1,1,2,1,2,2,1,2,1,2,2,2,2,1,2,1,2,2,2,1,1,1,1,2,2,2,2,1,2,2,2,2,2,1,1,1,1,2,1,2,1,2,1,1,1,2,2,2,1,1,1,1,2,1,1,2,2,2,2,2,1,1,1,2,1,1,2,1,2,2,1,2,1,2,2,2,2,2,1,1,2,2,1,2,1,1,2
ETH,1,2,2,2,1,2,2,1,2,2,1,1,1,1,2,2,2,1,1,1,2,1,2,2,2,1,1,1,1,2,1,2,2,2,2,1,1,2,1,2,1,2,2,2,2,2,1,1,2,1,2,1,1,1,2,2,-1,2,2,2,1,1,1,2,1,2,2,2,1,1,2,1,2,2,2,2,2,2,1,2,2,2,2,2,2,1,1,1,2,2,2,1,1,2,2,1,2,2,2,2,2,1,1,1,2,1,2,2,2,1,1,2,1,1,2,1,2,2,1,2,2,2,2,2,2,1,2,1,2,2,2,1,1,1,2,2,2,2,2,1,2,2,2,2,2,1,1,1,1,2,1,2,1,2,1,1,1,2,2,2,1,1,1,1,2,1,1,2,2,2,2,2,2,1,1,1,1,1,2,2,2,2,1,2,1,2,2,2,2,2,1,2,2,2,1,2,1,1,2
FJI,1,2,2,1,1,1,1,1,2,2,1,1,1,1,2,2,1,1,1,1,2,1,1,2,2,1,1,1,1,2,1,2,2,1,1,1,1,2,1,1,1,2,2,2,2,2,1,1,1,1,1,1,1,2,2,2,1,-1,2,2,1,1,1,2,1,2,2,1,1,1,2,1,2,1,2,2,1,2,1,2,1,1,2,1,2,1,1,1,1,1,2,1,1,2,2,1,2,2,2,2,2,1,1,1,1,1,2,2,1,1,1,2,1,1,2,1,2,2,1,1,2,1,1,2,2,1,2,1,2,2,2,1,1,1,1,1,1,2,1,1,2,2,2,2,1,1,1,1,1,2,1,2,1,2,1,1,1,2,2,1,1,2,1,1,2,1,1,2,2,2,2,2,2,1,1,1,1,1,1,2,1,2,1,1,1,2,2,2,2,2,1,1,2,2,1,2,1,1,2
FIN,1,2,1,1,1,1,1,1,1,1,1,1,1,1,1,1,1,1,1,1,1,1,1,1,1,1,1,1,1,1,1,2,2,1,2,1,1,2,1,1,1,1,2,1,1,1,1,1,1,1,1,1,1,2,1,1,1,1,-1,1,1,1,1,1,1,1,1,1,1,1,1,1,1,1,1,1,1,1,1,1,1,1,1,1,1,1,1,1,1,1,1,1,1,1,1,1,2,2,1,1,1,1,1,1,1,1,2,1,1,1,1,1,1,1,1,1,1,1,1,1,1,2,1,1,1,1,2,1,2,1,1,1,1,1,1,1,1,1,1,1,1,1,1,1,1,1,1,1,1,1,1,1,1,1,1,1,1,1,1,1,1,1,1,1,1,1,1,2,2,1,1,2,1,1,1,1,1,1,1,1,1,2,1,1,1,1,1,1,1,1,1,1,1,1,1,2,1,1,2
FRA,1,2,1,1,1,1,1,1,1,1,1,1,1,1,1,1,1,1,1,1,1,1,1,1,1,1,1,1,1,1,1,2,2,1,1,1,1,2,1,1,1,1,2,1,1,1,1,1,1,1,1,1,1,2,1,1,1,1,1,-1,1,1,1,1,1,1,1,1,1,1,1,1,1,1,1,1,1,1,1,1,1,1,1,1,1,1,1,1,1,1,1,1,1,1,1,1,2,2,1,1,1,1,1,1,1,1,2,1,1,1,1,1,1,1,1,1,1,1,1,1,1,2,1,1,1,1,2,1,2,1,1,1,1,1,1,1,1,1,1,1,1,1,1,1,1,1,1,1,1,1,1,1,1,1,1,1,1,1,1,1,1,1,1,1,1,1,1,2,2,1,1,2,1,1,1,1,1,1,1,1,1,2,1,1,1,1,1,1,1,1,1,1,1,1,1,2,1,1,2
GAB,1,2,2,2,1,2,2,1,2,2,1,1,1,1,2,2,2,1,1,1,2,1,2,2,2,1,1,1,1,2,1,1,1,2,2,1,1,1,1,2,1,2,2,2,2,2,1,1,2,1,2,1,1,2,2,2,1,2,2,2,-1,1,1,2,1,2,2,2,1,1,2,1,2,1,2,2,1,2,1,2,2,2,2,2,2,1,1,1,1,2,2,1,1,2,2,1,2,2,2,2,2,1,1,1,1,1,2,2,2,1,1,2,1,1,2,1,2,1,1,2,1,2,1,2,2,1,2,1,2,2,2,1,1,1,2,1,2,2,2,1,2,2,2,2,2,1,1,1,1,2,1,2,1,2,1,1,1,2,2,2,1,1,1,1,2,1,1,2,2,2,2,2,2,1,1,2,1,1,2,2,1,2,1,2,1,2,2,2,2,2,1,2,2,2,1,2,1,1,2
GMB,1,2,2,2,1,2,2,1,2,2,1,1,1,1,2,2,1,1,1,1,2,1,2,2,2,1,1,1,1,2,1,2,2,2,2,1,1,2,1,2,1,2,2,2,2,2,1,1,2,1,2,1,1,2,2,1,1,1,2,2,1,-1,1,2,1,2,1,2,1,1,2,1,2,2,2,2,1,2,1,2,2,2,2,1,2,1,1,1,1,2,2,1,1,2,2,1,1,2,2,2,2,1,1,1,1,1,1,2,2,1,1,2,1,1,2,1,2,2,1,2,1,2,1,2,2,1,1,1,2,2,2,1,1,1,2,2,2,2,2,1,2,2,2,2,2,1,1,1,1,2,1,2,1,2,1,1,1,2,2,2,1,2,1,1,2,1,1,2,2,2,2,2,2,1,1,2,1,1,2,1,1,2,1,2,1,2,2,2,2,2,1,1,2,2,1,2,1,1,2
GEO,1,2,1,2,1,1,1,1,1,1,1,1,1,1,1,1,2,1,1,1,1,1,1,2,1,1,1,1,1,2,1,2,2,1,2,1,1,2,1,2,1,1,2,1,1,1,1,1,1,1,1,1,1,2,1,2,1,1,1,1,1,2,-1,1,1,1,1,2,1,1,2,1,2,2,1,1,1,2,1,2,2,1,1,1,2,1,1,1,2,2,1,1,1,1,1,1,2,2,1,1,1,1,1,1,1,1,2,1,1,1,1,2,1,1,1,2,1,2,1,1,2,2,1,1,2,1,2,1,2,1,1,1,1,1,1,1,2,1,2,2,1,1,1,1,1,1,1,1,1,1,1,1,2,1,1,1,1,1,1,2,1,2,1,1,1,1,1,2,2,1,1,2,2,1,1,1,1,1,2,2,2,2,1,1,1,1,1,2,2,1,1,2,1,2,1,2,1,1,2
DEU,1,2,1,1,1,1,1,1,1,1,1,1,1,1,1,1,1,1,1,1,1,1,1,1,1,1,1,1,1,1,1,2,2,1,1,1,1,2,1,1,1,1,2,1,1,1,1,1,1,1,1,1,1,2,1,1,1,1,1,1,1,1,1,-1,1,1,1,1,1,1,1,1,1,1,1,1,1,1,1,1,1,1,1,1,1,1,1,1,1,1,1,1,1,1,1,1,2,2,1,1,1,1,1,1,1,1,2,1,1,1,1,1,1,1,1,1,1,1,1,1,1,2,1,1,1,1,2,1,2,1,1,1,1,1,1,1,1,1,1,1,1,1,1,1,1,1,1,1,1,1,1,1,1,1,1,1,1,1,1,1,1,1,1,1,1,1,1,2,2,1,1,2,1,1,1,1,1,1,1,1,1,2,1,1,1,1,1,1,1,1,1,1,1,1,1,2,1,1,2
GHA,1,2,2,2,1,2,2,1,2,2,1,1,1,1,2,2,1,1,1,1,2,1,2,2,2,1,1,1,1,2,1,2,2,2,2,1,1,2,1,2,1,2,2,2,2,2,1,1,2,1,2,1,1,2,2,1,1,1,2,2,1,1,1,2,-1,2,1,2,1,1,1,1,2,2,2,2,1,2,1,2,2,2,2,1,2,1,1,1,1,2,2,1,2,2,1,1,1,2,2,2,2,1,1,1,1,1,1,2,2,1,1,2,1,1,2,2,2,2,1,1,2,2,2,2,2,1,1,1,2,2,2,1,1,1,2,2,2,2,2,1,2,2,2,2,2,1,1,1,1,2,1,2,1,2,1,1,1,2,2,2,1,1,1,1,2,1,1,2,1,2,2,2,2,1,1,2,1,1,2,1,2,2,1,2,1,2,2,2,2,2,1,1,2,2,1,2,1,1,2
GRC,1,2,1,1,1,1,1,1,1,1,1,1,1,1,1,1,1,1,1,1,1,1,1,1,1,1,1,1,1,1,1,2,2,1,2,1,1,2,1,1,1,1,2,1,1,1,1,1,1,1,1,1,1,2,1,1,1,1,1,1,1,1,1,1,1,-1,1,1,1,1,1,1,1,1,1,1,1,1,1,1,1,1,1,1,1,1,1,1,1,1,1,1,1,1,1,1,2,2,1,1,1,1,1,1,1,1,2,1,1,1,1,1,1,1,1,1,1,1,1,1,2,2,1,1,1,1,2,1,2,1,1,1,1,1,1,1,1,1,1,1,1,1,1,1,1,1,1,1,1,1,1,1,1,1,1,1,1,1,1,1,1,1,1,1,1,1,1,2,2,1,1,2,1,1,1,1,1,1,1,1,1,2,1,1,1,1,1,1,1,1,1,1,1,1,1,2,1,1,2
GRD,1,2,1,1,1,1,1,1,1,2,1,1,1,1,2,1,1,1,1,1,1,1,1,2,1,1,1,1,1,2,1,2,2,1,1,1,1,2,1,1,1,1,1,1,1,1,1,1,1,1,1,1,1,2,1,1,1,1,1,1,1,1,1,1,1,1,-1,2,1,1,1,1,2,1,1,1,1,2,1,2,1,1,1,1,2,1,1,1,1,1,2,1,1,1,2,1,2,2,1,1,1,1,1,1,1,1,2,1,2,1,1,2,1,1,1,1,1,2,1,2,2,2,1,1,2,1,2,1,2,2,1,1,1,1,1,1,1,2,1,1,1,1,2,1,1,1,1,1,1,1,1,2,1,1,1,1,1,1,1,1,1,2,1,1,1,1,1,2,1,1,1,2,2,1,1,1,1,1,2,1,2,2,1,1,1,1,2,1,2,1,1,1,1,1,1,2,1,1,2
GTM,1,2,1,2,1,1,1,1,1,1,1,1,1,1,2,1,1,1,1,1,1,1,1,2,1,1,1,1,1,2,1,2,2,1,2,1,1,2,1,1,1,1,2,1,1,1,1,1,1,1,2,1,1,2,1,2,1,2,1,1,1,2,1,1,1,1,2,-1,1,1,2,1,1,1,1,1,1,1,1,2,1,1,1,1,1,1,1,1,1,1,2,1,1,1,2,1,2,2,1,1,1,1,1,1,1,1,2,1,1,1,1,2,1,1,1,1,1,2,1,1,2,2,1,1,2,1,2,1,2,1,1,1,1,1,1,1,2,1,1,1,1,1,2,1,1,1,1,1,1,1,1,2,1,2,1,1,1,1,1,2,1,2,1,1,1,1,1,2,2,1,1,2,1,1,1,2,1,1,2,1,2,2,1,1,1,2,2,1,2,1,1,2,1,2,1,2,1,1,2
GIN,1,2,2,2,1,2,2,1,2,2,1,1,1,1,2,2,2,1,1,1,2,1,2,2,2,1,1,1,1,2,1,2,2,2,2,1,1,2,1,2,1,2,2,2,2,2,1,1,2,1,1,1,1,2,2,2,1,2,2,2,1,1,1,2,1,2,2,2,-1,1,2,1,2,1,2,2,1,2,1,2,2,2,2,2,2,1,1,1,2,2,2,1,1,2,2,1,1,2,2,2,2,1,1,1,1,1,1,2,2,1,1,2,1,1,2,1,2,1,1,1,1,2,1,2,2,1,1,1,2,2,2,1,1,1,2,2,2,2,2,1,2,2,2,2,2,1,1,1,1,2,1,2,1,2,1,1,1,2,2,2,1,1,1,1,2,1,1,2,2,2,2,2,2,1,1,2,1,1,2,2,1,2,1,2,1,2,2,2,2,2,1,2,2,2,1,2,1,1,2
GNB,1,2,2,2,1,2,2,1,2,2,1,1,1,1,2,2,2,1,1,1,2,1,2,2,2,1,1,1,1,2,1,2,2,2,2,1,1,2,1,2,1,2,2,2,2,2,1,1,2,1,2,1,1,2,2,2,1,2,2,2,1,1,1,2,1,2,2,2,1,-1,2,1,2,2,2,2,2,2,1,2,2,2,2,2,2,1,1,1,2,2,2,1,2,2,2,1,1,2,2,2,2,1,1,1,1,1,1,2,2,1,1,2,1,1,2,1,2,2,1,2,1,2,1,2,2,1,1,1,2,2,2,1,1,1,2,2,2,2,2,1,2,2,2,2,2,1,1,1,1,2,1,2,1,2,1,1,1,2,2,2,1,2,1,1,2,1,1,2,2,2,2,2,2,1,1,2,1,1,2,2,1,2,1,2,1,2,2,2,2,2,1,2,2,2,1,2,1,1,2
GUY,1,2,2,1,1,1,1,1,2,2,1,1,1,1,2,2,1,1,1,1,2,1,1,2,2,1,1,1,1,2,1,2,2,1,2,1,1,2,1,1,1,2,2,2,2,2,1,1,1,1,1,1,1,2,2,1,1,1,2,2,1,1,1,2,1,2,1,2,1,1,-1,1,2,1,2,2,1,2,1,2,1,2,2,1,2,1,1,1,1,1,2,1,1,2,2,1,2,2,2,2,2,1,1,1,1,1,2,2,2,1,1,2,1,1,2,1,2,2,1,2,2,2,1,2,2,1,2,1,2,2,2,1,1,1,1,1,1,2,1,1,2,2,1,2,1,1,1,1,1,2,1,2,2,2,1,1,1,2,2,1,1,1,1,1,2,1,1,2,1,2,2,2,2,1,1,2,1,1,2,1,2,2,1,2,1,2,2,1,2,1,1,1,2,2,1,2,1,1,2
HTI,1,2,2,1,1,2,1,1,2,2,1,1,1,2,2,2,2,1,1,1,2,1,2,2,2,1,1,1,1,2,1,2,2,2,2,1,1,2,1,2,1,2,2,2,2,2,1,2,2,1,1,1,1,2,2,2,1,2,2,2,1,1,1,2,1,2,1,2,1,1,2,-1,2,1,2,2,1,2,1,2,2,1,2,2,2,1,1,1,1,2,2,1,1,2,2,1,2,2,2,2,2,1,1,1,1,1,2,2,2,1,1,2,1,1,2,1,2,2,1,2,2,2,1,2,2,2,2,1,2,2,2,1,1,1,1,2,2,2,2,1,2,2,2,2,2,1,1,2,1,2,1,2,1,2,1,1,1,2,2,2,1,2,1,1,2,1,2,2,0,2,2,2,1,1,1,2,1,1,2,2,2,2,1,1,1,2,2,2,2,2,1,2,2,2,1,2,1,1,2
HND,1,2,1,2,1,1,1,1,1,1,1,1,1,1,2,1,1,1,1,1,1,1,1,2,1,1,1,1,1,2,1,2,2,1,2,1,1,2,1,1,1,1,2,1,1,1,1,1,1,1,2,1,1,2,1,2,1,2,1,1,1,1,1,1,1,1,2,1,1,1,2,1,-1,1,1,1,1,2,1,2,1,1,1,2,1,1,1,1,1,1,2,1,1,1,2,1,2,2,1,1,1,1,1,1,1,1,2,1,2,1,1,2,1,1,1,1,1,2,1,2,2,2,1,1,2,1,2,1,2,1,1,1,1,1,1,1,2,1,1,1,1,1,2,1,1,1,1,1,1,1,1,2,1,2,1,1,1,1,1,2,1,2,1,1,1,1,1,2,2,1,1,2,1,1,1,2,1,1,2,1,1,2,1,1,1,2,1,2,2,1,1,2,1,2,1,2,1,1,2
HKG,1,2,1,2,1,1,1,1,1,1,1,1,2,1,1,1,1,1,1,1,1,1,1,1,1,1,1,1,1,1,1,2,2,1,2,1,1,2,1,2,1,1,2,1,1,1,1,1,1,1,1,1,1,2,1,2,1,1,1,1,1,2,1,1,1,1,1,2,1,1,1,1,2,-1,1,1,2,1,1,2,1,1,1,1,1,1,1,1,1,1,1,1,1,1,1,1,2,2,1,1,1,1,1,1,1,1,1,1,2,1,1,1,1,1,1,1,1,1,1,1,1,2,1,1,1,1,1,1,2,1,1,1,2,1,1,1,1,2,1,1,1,1,1,1,1,1,1,1,1,1,1,1,2,1,1,1,1,1,1,2,1,1,1,1,1,1,1,2,1,1,1,2,1,1,1,1,1,1,1,1,1,2,1,1,2,1,1,1,2,1,7,1,1,1,1,1,1,1,2
HUN,1,2,1,1,1,1,1,1,1,1,1,1,1,1,1,1,1,1,1,1,1,1,1,1,1,1,1,1,1,1,1,2,2,1,2,1,1,2,1,1,1,1,2,1,1,1,1,1,1,1,1,1,1,2,1,1,1,1,1,1,1,1,1,1,1,1,1,1,1,1,2,1,1,1,-1,1,1,1,1,1,1,1,1,1,1,1,1,1,1,1,1,1,1,1,1,1,2,2,1,1,1,1,1,1,1,1,2,1,1,1,1,1,1,1,1,1,1,1,1,1,1,2,1,1,1,1,2,1,2,1,1,1,1,1,1,1,1,1,1,1,1,1,1,1,1,1,1,1,1,1,1,1,1,1,1,1,1,1,1,1,1,1,1,1,1,1,1,2,2,1,1,2,1,1,1,1,1,1,1,1,1,2,1,1,1,1,1,1,1,1,1,1,1,1,1,2,1,1,2
ISL,1,2,1,1,1,1,1,1,1,1,1,1,1,1,1,1,1,1,1,1,1,1,1,1,1,1,1,1,1,1,1,2,2,1,2,1,1,2,1,1,1,1,2,1,1,1,1,1,1,1,1,1,1,2,1,2,1,1,1,1,1,1,1,1,1,1,1,1,1,1,2,1,1,1,1,-1,1,1,1,2,1,1,1,1,1,1,1,1,1,1,1,1,1,1,1,1,2,2,1,1,1,1,1,1,1,1,2,1,1,1,1,1,1,1,1,1,1,1,1,1,1,2,1,1,1,1,2,1,2,1,1,1,1,1,1,1,1,1,1,1,1,1,1,1,1,1,1,1,1,1,1,1,1,1,1,1,1,1,1,1,1,1,1,1,1,1,1,2,2,1,1,2,1,1,1,1,1,1,1,1,1,2,1,1,1,1,1,1,1,1,1,2,1,1,1,2,1,1,2
IND,1,2,2,1,1,2,1,1,2,1,1,1,2,1,2,2,2,1,1,1,2,1,2,2,2,1,1,1,1,2,1,2,2,2,2,1,1,2,1,2,1,2,2,2,2,2,1,1,2,1,1,1,1,2,2,2,1,1,2,2,1,1,1,2,1,2,1,2,1,1,2,1,2,2,2,2,-1,1,1,2,2,2,2,1,2,1,1,1,1,2,2,1,1,2,2,1,2,2,2,2,2,1,1,1,1,1,2,2,1,1,1,2,1,1,2,1,2,1,1,1,2,2,1,2,2,2,2,1,2,2,2,1,2,1,1,2,1,2,2,2,2,2,1,2,1,1,1,1,1,2,1,2,1,2,1,1,1,2,2,2,1,1,1,1,2,1,1,2,1,2,2,2,2,1,1,1,1,1,2,1,2,2,1,2,1,2,2,2,2,2,1,1,2,2,1,2,1,1,2
IDN,1,2,2,1,1,2,1,1,2,1,1,1,1,1,1,2,2,1,1,1,2,1,1,1,2,1,1,1,1,2,1,2,2,1,2,1,1,2,1,2,1,2,2,2,2,2,1,1,2,1,2,1,1,2,2,2,1,1,2,2,1,1,1,2,1,2,2,2,1,1,1,1,2,1,2,2,1,-1,1,2,2,2,2,2,1,1,1,1,1,2,2,1,1,2,2,1,2,2,2,2,2,1,1,1,1,1,1,2,1,1,1,2,1,1,2,2,2,1,1,1,1,2,1,2,2,1,2,1,2,2,2,1,1,1,1,2,1,2,1,1,2,2,1,2,1,1,1,2,1,2,1,2,2,1,1,1,1,2,2,2,1,1,1,1,2,1,1,2,2,2,2,2,2,1,1,1,1,1,2,2,1,2,1,1,1,2,2,2,2,2,1,2,2,1,1,2,1,1,2
IRN,1,2,2,2,1,2,1,1,2,1,1,1,2,2,2,2,2,1,1,1,2,1,2,2,2,1,1,1,1,2,1,2,2,2,2,1,1,2,1,2,1,2,2,2,2,2,1,1,2,1,2,1,1,2,2,2,1,2,2,2,1,2,1,2,1,2,2,2,1,1,2,1,2,2,2,2,2,2,-1,1,2,2,2,2,2,2,1,1,2,2,2,1,2,2,1,1,2,0,2,2,2,1,1,1,1,1,2,2,2,1,1,2,1,1,2,2,2,2,1,2,2,2,1,2,2,2,2,1,2,2,2,1,1,1,2,2,2,2,2,2,2,2,1,2,1,1,1,2,1,2,1,2,2,2,1,1,1,2,2,2,1,1,1,1,2,1,2,2,2,2,2,1,2,1,1,2,1,1,2,2,2,2,1,1,1,2,2,2,2,2,1,2,2,1,1,2,1,1,2
IRQ,1,2,2,2,1,2,1,1,2,2,1,1,2,2,2,2,2,1,1,1,2,1,2,2,2,1,1,1,1,2,1,2,2,2,2,1,1,2,1,2,1,2,2,2,2,2,1,1,2,1,2,1,1,2,2,2,1,2,2,2,1,2,1,2,1,2,2,2,1,1,2,1,2,2,2,2,2,2,1,-1,2,2,2,2,2,1,2,1,2,2,2,1,2,2,1,1,2,2,2,2,2,1,1,1,1,1,2,2,2,1,2,2,1,1,2,2,2,2,1,2,2,2,2,2,2,2,2,1,2,2,2,1,1,1,2,2,2,2,2,2,2,2,2,2,2,1,1,2,1,2,1,2,2,2,1,1,1,2,2,2,1,2,1,1,2,1,2,2,2,2,2,2,2,1,1,2,1,1,2,2,2,2,1,2,1,2,2,2,2,2,1,2,2,2,1,2,1,1,2
IRL,1,2,1,1,1,1,1,1,1,1,1,1,1,1,1,1,1,1,1,1,1,1,1,1,1,1,1,1,1,1,1,2,2,1,2,1,1,2,1,1,1,1,2,1,1,1,1,1,1,1,1,1,1,2,1,1,1,1,1,1,1,1,1,1,1,1,1,1,1,1,1,1,1,1,1,1,1,1,1,1,-1,1,1,1,1,1,1,1,1,1,1,1,1,1,1,1,2,2,1,1,1,1,1,1,1,1,2,1,1,1,1,1,1,1,1,1,1,1,1,1,1,2,1,1,1,1,2,1,2,1,1,1,1,1,1,1,1,1,1,1,1,1,1,1,1,1,1,1,1,1,1,1,1,1,1,1,1,1,1,1,1,1,1,1,1,1,1,2,2,1,1,2,1,1,1,1,1,1,1,1,1,2,1,1,1,1,1,1,1,1,1,1,1,1,1,2,1,1,2
ISR,1,0,1,1,1,1,1,1,1,1,1,1,0,1,1,1,1,1,1,1,1,1,1,0,1,1,1,1,1,1,1,1,2,1,2,1,1,2,1,1,1,1,2,1,1,1,1,1,1,1,2,1,1,2,1,1,1,1,1,1,1,2,1,1,1,1,1,1,1,1,2,1,1,1,1,1,1,2,0,2,1,-1,1,1,1,1,1,1,1,1,2,1,1,1,0,1,2,0,1,1,1,1,1,1,0,1,2,1,1,1,1,1,1,1,1,1,1,1,1,1,2,1,1,1,1,1,2,1,2,1,1,1,0,1,1,1,1,1,1,1,1,1,2,1,1,1,1,1,1,1,1,0,1,1,1,1,1,1,1,1,1,1,1,1,1,1,1,2,1,1,1,0,1,1,1,1,1,1,1,1,2,2,1,1,1,1,1,1,1,1,1,1,1,2,1,0,1,1,2
ITA,1,2,1,1,1,1,1,1,1,1,1,1,1,1,1,1,1,1,1,1,1,1,1,1,1,1,1,1,1,1,1,2,2,1,1,1,1,2,1,1,1,1,2,1,1,1,1,1,1,1,1,1,1,2,1,1,1,1,1,1,1,1,1,1,1,1,1,1,1,1,1,1,1,1,1,1,1,1,1,1,1,1,-1,1,1,1,1,1,1,1,1,1,1,1,1,1,2,2,1,1,1,1,1,1,1,1,2,1,1,1,1,1,1,1,1,1,1,1,1,1,1,2,1,1,1,1,2,1,2,1,1,1,1,1,1,1,1,1,1,1,1,1,1,1,1,1,1,1,1,1,1,1,1,1,1,1,1,1,1,1,1,1,1,1,1,1,1,2,2,1,1,2,1,1,1,1,1,1,1,1,1,2,1,1,1,1,1,1,1,1,1,1,1,1,1,2,1,1,2
JAM,1,2,2,1,1,1,1,1,2,1,1,1,1,1,2,2,1,1,1,1,2,1,1,2,2,1,1,1,1,2,1,2,2,1,2,1,1,2,1,2,1,2,2,2,2,2,1,1,1,1,1,1,1,2,2,1,1,1,2,2,1,1,1,2,1,2,1,2,1,1,1,1,2,1,2,2,1,2,1,2,2,1,2,-1,2,1,1,1,1,2,2,1,1,2,2,1,2,2,2,2,2,1,1,1,1,1,2,2,2,1,1,1,1,1,2,1,2,2,1,1,1,2,1,2,2,1,2,1,2,2,2,1,1,1,1,1,1,2,1,1,2,2,2,2,1,1,1,1,1,2,1,2,1,1,1,1,1,2,2,2,1,1,1,1,2,1,1,2,1,2,2,2,2,1,1,1,1,1,2,1,2,2,1,1,1,2,2,2,2,1,1,1,2,1,1,2,1,1,2
JPN,1,2,1,1,1,1,1,1,1,1,1,1,1,1,1,1,1,1,1,1,1,1,1,1,1,1,1,1,1,1,1,2,2,1,2,1,1,2,1,1,1,1,2,1,1,1,1,1,1,1,1,1,1,2,1,1,1,1,1,1,1,2,1,1,1,1,1,1,1,1,1,1,1,1,1,1,1,1,1,1,1,1,1,1,-1,1,1,1,1,1,1,1,1,1,1,1,2,2,1,1,1,1,1,1,1,1,2,1,1,1,1,1,1,1,1,1,1,1,1,1,1,2,1,1,1,1,2,1,2,1,1,1,1,1,1,1,1,1,1,1,1,1,1,1,1,1,1,1,1,1,1,1,1,1,1,1,1,1,1,1,1,1,1,1,1,1,1,2,2,1,1,2,1,1,1,1,1,1,1,1,1,2,1,1,1,1,1,1,1,1,1,1,1,1,1,2,1,1,2
JOR,1,2,2,2,1,2,1,1,2,1,1,1,2,1,2,2,2,1,1,1,2,1,2,2,2,1,1,1,1,2,1,2,2,2,2,1,1,2,1,2,1,2,2,2,2,2,1,1,2,1,1,1,1,2,2,2,1,2,2,2,1,2,1,2,1,2,2,2,1,1,2,1,2,1,2,2,1,1,2,2,2,2,2,2,2,-1,2,1,2,1,2,1,2,2,1,1,2,1,2,2,2,1,1,1,1,1,2,2,2,1,1,2,1,1,2,2,2,1,1,1,2,2,1,2,2,1,2,1,2,2,2,1,1,1,2,2,2,2,2,2,2,2,2,2,2,1,1,2,1,2,1,2,2,2,1,1,1,2,2,2,1,1,1,1,2,1,2,2,2,2,2,1,2,1,1,2,1,1,2,2,1,2,1,1,1,2,2,2,2,2,1,2,2,2,1,1,1,1,2
KAZ,1,2,2,2,1,1,1,1,2,1,1,1,1,1,1,2,2,1,1,1,2,1,1,2,2,1,1,1,1,2,1,2,2,2,1,1,1,2,1,2,1,2,2,2,2,2,1,1,1,1,1,1,1,2,2,2,1,2,2,2,1,1,1,2,1,2,2,2,1,1,2,1,2,1,2,2,1,1,1,2,2,2,2,1,2,1,-1,1,2,2,2,1,1,2,2,1,2,2,2,2,2,1,1,1,1,1,2,2,1,1,1,2,1,1,2,1,1,2,1,1,1,2,1,2,2,1,2,1,2,2,2,1,1,1,1,2,2,2,2,1,2,2,1,2,1,1,1,2,1,2,1,1,2,1,1,1,1,2,2,2,1,2,1,1,2,1,1,2,2,2,2,2,2,1,1,1,1,1,2,2,2,2,1,1,1,1,1,2,2,2,1,2,2,2,1,2,1,1,2
KEN,1,2,2,2,1,2,2,1,2,2,1,1,2,1,2,2,2,1,1,1,2,1,2,2,2,1,1,1,1,2,1,2,2,2,2,1,1,2,1,2,1,2,1,2,2,2,1,1,2,1,2,1,1,1,2,1,1,1,2,2,1,1,1,2,1,2,1,2,1,1,2,1,2,1,2,2,1,1,1,2,2,2,2,1,2,1,1,-1,1,2,2,1,1,2,2,1,2,2,2,2,2,1,1,1,1,1,1,2,2,1,1,2,1,1,2,1,2,2,1,1,1,2,1,2,2,2,2,1,2,2,2,1,1,1,2,2,1,2,2,1,2,2,2,2,2,1,1,1,1,2,1,2,1,2,1,1,1,2,2,2,1,1,1,1,2,1,1,1,1,2,2,2,2,1,1,2,1,1,2,1,2,2,1,2,1,2,2,2,2,2,1,1,2,2,1,2,1,1,2
KIR,1,2,1,1,1,2,1,1,1,2,1,1,1,1,2,1,1,1,1,1,1,1,2,2,1,1,1,1,1,2,1,2,2,2,2,1,1,2,1,1,1,1,2,1,1,1,1,1,1,1,1,1,1,2,1,2,1,1,1,1,1,1,1,1,1,1,1,2,1,1,2,1,2,1,1,1,1,2,1,2,1,2,1,1,2,1,1,1,-1,1,2,1,1,1,2,1,2,2,1,1,1,1,1,1,1,1,2,1,1,1,1,2,1,1,1,1,2,2,1,2,2,2,1,1,2,1,2,1,2,2,1,1,1,1,1,1,1,2,1,1,1,1,2,1,2,1,1,1,1,1,1,2,1,2,1,1,1,1,1,1,1,2,1,1,1,1,1,2,2,1,1,2,1,1,1,2,1,1,1,1,1,2,1,2,1,2,1,1,2,2,1,1,1,2,1,2,1,1,2
XKX,1,2,2,2,1,2,0,1,2,2,1,1,1,2,2,2,2,1,1,1,2,2,2,2,2,1,1,1,1,2,1,2,2,2,2,1,1,2,1,2,1,2,0,2,2,2,1,1,2,1,1,1,1,2,2,2,1,2,2,2,1,1,2,2,1,2,2,2,1,1,2,1,2,2,2,2,2,2,1,2,2,2,2,1,2,1,2,1,2,-1,2,2,1,2,2,1,2,2,2,2,2,1,1,1,1,1,2,2,1,1,2,2,1,1,2,2,1,2,1,2,2,2,1,2,2,2,2,1,2,1,2,1,1,1,1,2,2,2,2,2,2,2,2,2,2,1,1,2,1,2,1,2,2,1,0,1,1,2,2,2,1,2,1,1,2,1,1,2,2,2,2,2,1,2,1,1,1,1,2,2,2,2,1,1,1,2,2,2,2,2,2,2,2,2,1,2,1,1,2
KWT,1,2,2,2,1,2,1,1,2,1,1,1,1,1,1,2,2,1,1,1,1,1,2,1,2,1,1,1,1,2,1,2,2,2,2,1,1,2,1,2,1,2,2,2,2,2,1,1,1,1,1,1,1,2,2,1,1,2,2,2,1,2,1,2,1,2,2,1,1,1,2,1,1,1,2,2,2,1,1,1,2,2,2,2,2,1,1,1,2,1,-1,1,1,2,1,1,2,2,2,2,2,1,1,1,1,1,2,2,1,1,1,2,1,1,2,1,1,1,1,1,2,2,1,2,1,1,2,1,2,2,2,1,1,1,1,1,2,2,2,1,2,2,1,2,1,1,1,1,1,2,1,1,1,1,1,1,1,2,2,1,1,2,1,1,2,1,1,1,2,2,2,1,1,1,1,1,1,1,2,2,1,2,1,1,1,1,1,1,2,2,10,1,2,2,1,1,1,1,2
KGZ,1,2,2,2,1,2,1,1,2,1,1,1,1,1,1,2,2,1,1,1,2,1,2,2,2,1,1,1,1,2,1,2,2,2,2,1,1,2,1,2,1,2,2,2,2,2,1,1,2,1,2,1,1,2,2,2,1,2,2,2,1,2,1,2,1,2,2,2,1,1,2,1,2,2,2,2,1,2,1,2,2,2,2,1,2,1,1,1,2,2,2,-1,1,2,1,1,2,2,2,2,2,1,1,1,1,1,2,2,1,1,1,2,1,1,2,1,2,2,1,1,1,2,1,2,2,1,2,1,2,2,2,1,1,1,1,2,2,2,2,1,2,2,2,2,1,1,1,1,1,2,1,1,2,1,1,1,1,2,2,2,1,2,1,1,2,1,1,2,2,2,2,2,2,1,1,2,1,1,2,2,2,2,1,1,1,1,2,2,2,2,1,2,2,2,1,2,1,1,2
LAO,1,2,2,2,1,2,1,1,2,2,1,1,1,2,2,2,2,1,1,1,2,1,2,1,2,1,1,1,1,2,1,2,2,2,2,1,1,2,1,2,1,2,2,2,2,2,1,1,2,1,1,1,1,2,2,2,1,2,2,2,1,1,1,2,1,2,2,2,1,1,2,1,2,2,2,2,1,1,1,2,2,2,2,2,2,2,1,1,2,2,1,1,-1,2,2,1,2,2,2,2,2,1,1,1,1,1,2,2,2,1,2,2,1,1,2,1,2,2,1,1,2,2,1,2,2,2,2,1,2,2,2,1,1,1,1,2,2,2,2,1,2,2,2,2,1,1,1,2,1,2,1,2,2,2,1,1,1,2,2,2,1,2,1,1,2,1,1,2,2,2,2,2,1,1,1,1,1,1,2,2,2,2,1,2,1,2,2,2,2,2,1,2,2,2,1,2,1,1,2
LVA,1,2,1,1,1,1,1,1,1,1,1,1,1,1,1,1,1,1,1,1,1,1,1,1,1,1,1,1,1,1,1,2,2,1,2,1,1,2,1,1,1,1,2,1,1,1,1,1,1,1,1,1,1,2,1,1,1,1,1,1,1,1,1,1,1,1,1,1,1,1,2,1,1,1,1,1,1,1,1,1,1,1,1,1,1,1,1,1,2,1,1,1,1,-1,1,1,2,2,1,1,1,1,1,1,1,1,2,1,1,1,1,1,1,1,1,1,1,1,1,1,2,2,1,1,1,1,2,1,2,1,1,1,1,1,1,1,1,1,1,1,1,1,1,1,1,1,1,1,1,1,1,1,1,1,1,1,1,1,1,1,1,2,1,1,1,1,1,2,2,1,1,2,1,1,1,1,1,1,1,1,1,2,1,1,1,1,1,1,1,1,1,1,1,1,1,2,1,1,2
LBN,1,2,2,2,1,2,1,1,2,2,1,1,2,1,2,2,2,1,1,1,2,1,2,2,2,1,1,1,1,2,1,2,2,2,2,1,1,2,1,2,1,2,2,2,2,2,1,1,2,1,2,1,1,2,2,2,1,2,2,2,1,2,1,2,1,2,2,2,1,1,2,1,2,2,2,2,2,2,1,1,2,2,2,2,2,1,1,1,2,2,2,1,1,2,-1,1,2,2,2,2,2,1,1,1,1,1,2,2,2,1,1,2,1,1,2,2,2,2,1,2,2,2,1,2,2,2,2,1,2,2,2,1,1,1,1,2,2,2,2,2,2,2,1,2,2,1,1,2,1,2,1,2,2,2,1,1,1,2,2,2,1,2,1,1,2,1,2,2,2,2,2,1,2,1,1,2,1,1,2,2,2,2,1,1,1,2,2,2,2,2,1,2,2,2,1,2,1,1,2
LSO,1,2,2,1,1,2,2,1,2,2,1,1,1,1,2,2,1,1,1,1,2,1,2,2,2,1,1,1,1,2,1,2,2,2,2,1,1,2,1,2,1,2,2,2,2,2,1,1,2,1,2,1,1,2,2,1,1,1,2,2,1,1,1,2,1,2,1,2,1,1,1,1,2,1,2,2,1,2,1,2,1,1,2,1,1,1,1,1,1,1,2,1,2,2,2,-1,2,2,2,2,2,1,1,1,1,1,2,2,2,1,1,2,1,1,2,1,2,2,1,2,1,2,1,2,2,1,2,1,2,2,2,1,1,1,1,2,1,2,2,1,2,2,2,2,2,1,1,1,1,2,1,2,1,2,1,1,1,2,2,2,1,1,1,1,2,1,1,2,2,2,2,2,2,1,1,2,1,1,2,1,2,2,1,2,1,2,2,2,2,2,1,1,2,2,1,2,1,1,2
LBR,1,2,2,2,1,2,2,1,2,2,1,1,1,1,2,2,2,1,1,1,2,1,2,2,2,1,1,1,1,2,1,1,2,2,2,1,1,2,1,2,1,2,2,2,2,2,1,1,2,1,2,1,1,2,2,2,1,2,2,2,1,1,1,2,1,2,2,2,1,1,2,1,2,2,2,2,1,2,1,2,2,2,2,2,2,1,1,1,2,2,2,1,2,2,2,1,-1,2,2,2,2,1,1,1,1,1,1,2,2,1,1,2,1,1,2,2,2,2,1,2,1,2,2,2,2,2,1,1,2,2,2,1,1,1,2,2,2,2,2,1,2,2,2,2,2,1,1,2,1,2,1,2,1,2,1,1,1,2,2,2,1,1,1,1,2,1,1,2,2,2,2,2,2,1,1,2,1,1,2,2,2,2,1,2,1,2,1,2,2,2,1,2,2,2,1,2,1,1,2
LBY,1,1,2,2,1,2,2,1,2,2,1,1,2,2,2,2,2,1,1,1,2,1,2,2,2,1,1,1,1,2,1,2,2,2,2,1,1,2,1,2,1,2,2,2,2,2,1,1,2,1,2,1,1,2,2,2,1,2,2,2,1,1,1,2,1,2,2,2,1,1,2,1,2,2,2,2,2,2,1,2,2,2,2,2,2,2,2,1,2,2,2,1,2,2,1,1,2,-1,2,2,2,1,1,1,1,1,2,2,2,1,2,2,1,1,2,2,2,2,1,2,2,2,1,2,2,2,2,1,2,2,2,1,1,1,1,2,2,2,2,2,2,2,2,2,2,1,1,2,1,2,1,2,1,2,1,1,1,2,2,2,1,2,1,1,2,1,1,2,2,2,2,2,2,1,1,1,1,1,2,2,1,2,1,2,1,2,2,2,2,2,1,2,2,2,1,2,1,1,2
LIE,1,2,1,2,1,1,1,1,1,1,1,1,1,1,1,1,1,1,1,1,1,1,1,1,1,1,1,1,1,1,1,2,2,1,2,1,1,2,1,1,1,1,2,1,1,1,1,1,1,1,1,1,1,2,1,1,1,1,1,1,1,1,1,1,1,1,1,1,1,1,2,1,1,1,1,1,1,1,1,2,1,1,1,1,1,1,1,1,1,1,1,1,1,1,1,1,2,2,-1,1,1,1,1,1,1,1,2,1,2,1,1,1,1,1,1,1,1,1,1,2,1,2,1,1,1,1,2,1,2,1,1,1,1,1,1,1,1,1,1,1,1,1,1,1,1,1,1,1,1,1,1,1,1,1,1,1,1,1,1,1,1,1,1,1,1,1,1,2,2,1,1,2,1,1,1,1,1,1,1,1,1,2,1,1,1,1,1,1,1,1,1,1,1,1,1,2,1,1,2
LTU,1,2,1,1,1,1,1,1,1,1,1,1,1,1,1,1,1,1,1,1,1,1,1,1,1,1,1,1,1,1,1,2,2,1,2,1,1,2,1,1,1,1,2,1,1,1,1,1,1,1,1,1,1,2,1,1,1,1,1,1,1,1,1,1,1,1,1,1,1,1,2,1,1,1,1,1,1,1,1,1,1,1,1,1,1,1,1,1,2,1,1,1,1,1,1,1,2,2,1,-1,1,1,1,1,1,1,2,1,1,1,1,1,1,1,1,1,1,1,1,1,2,2,1,1,1,1,2,1,2,1,1,1,1,1,1,1,1,1,1,1,1,1,1,1,1,1,1,1,1,1,1,1,1,1,1,1,1,1,1,1,1,1,1,1,1,1,1,2,2,1,1,2,1,1,1,1,1,1,1,1,1,2,1,1,1,1,1,1,1,1,1,1,1,1,1,2,1,1,2
LUX,1,2,1,1,1,1,1,1,1,1,1,1,1,1,1,1,1,1,1,1,1,1,1,1,1,1,1,1,1,1,1,2,2,1,2,1,1,2,1,1,1,1,2,1,1,1,1,1,1,1,1,1,1,2,1,1,1,1,1,1,1,1,1,1,1,1,1,1,1,1,1,1,1,1,1,1,1,1,1,1,1,1,1,1,1,1,1,1,1,1,1,1,1,1,1,1,2,2,1,1,-1,1,1,1,1,1,2,1,1,1,1,1,1,1,1,1,1,1,1,1,1,2,1,1,1,1,2,1,2,1,1,1,1,1,1,1,1,1,1,1,1,1,1,1,1,1,1,1,1,1,1,1,1,1,1,1,1,1,1,1,1,1,1,1,1,1,1,2,2,1,1,2,1,1,1,1,1,1,1,1,1,2,1,1,1,1,1,1,1,1,1,1,1,1,1,2,1,1,2
MAC,1,2,1,2,1,1,1,1,1,1,1,1,2,1,1,1,2,1,1,1,1,1,1,1,1,1,1,1,1,2,1,2,2,1,1,1,1,2,1,2,1,1,2,1,1,1,1,1,1,1,1,1,1,2,1,2,1,1,1,1,1,2,1,1,1,1,1,2,1,1,2,1,2,7,1,1,2,1,1,2,1,1,1,2,1,1,1,1,1,1,2,1,1,1,1,1,2,2,1,1,1,-1,1,1,1,1,1,1,2,1,1,1,1,1,1,1,1,1,1,2,1,2,1,1,1,1,2,1,2,1,1,1,2,1,1,2,1,2,2,1,1,1,1,1,1,1,1,1,1,1,1,1,2,1,1,1,1,1,1,2,1,1,1,1,1,1,1,2,2,1,1,2,1,1,1,1,1,1,1,2,2,2,1,1,1,1,1,1,2,1,10,1,1,2,1,2,1,1,2
MDG,1,2,2,1,1,2,2,1,2,2,1,1,1,1,2,2,2,1,1,1,2,1,2,2,2,1,1,1,1,2,1,2,2,2,2,1,1,2,1,2,1,2,2,2,2,2,1,1,2,1,2,1,1,2,2,1,1,2,2,2,1,1,1,2,1,2,2,1,1,1,2,1,1,1,2,2,1,2,1,2,2,2,2,2,2,1,1,1,2,2,2,1,1,2,2,1,2,2,2,2,2,1,-1,1,1,1,2,2,2,1,1,2,1,1,2,1,2,2,1,2,1,2,1,2,2,1,2,1,2,2,2,1,1,1,2,1,2,2,2,1,2,2,2,2,2,1,1,1,1,2,1,2,1,2,1,1,1,2,2,2,1,1,1,1,2,1,1,2,2,2,2,2,2,1,1,2,1,1,2,2,2,2,1,2,1,2,2,2,2,2,1,2,2,2,1,2,1,1,2
MWI,1,2,2,1,1,2,2,1,2,2,1,1,1,1,2,2,1,1,1,1,2,1,2,2,2,1,1,1,1,2,1,2,2,2,2,1,1,2,1,2,1,2,2,2,2,2,1,1,2,1,2,1,1,2,2,1,1,1,2,2,1,1,1,2,1,2,1,2,1,1,2,1,2,1,2,2,1,2,1,2,2,1,2,1,2,1,1,1,1,1,2,1,1,2,2,1,2,2,2,2,2,1,1,-1,1,1,2,2,2,1,1,2,1,1,2,1,2,2,1,2,1,2,1,2,2,1,2,1,2,2,2,1,1,1,1,2,2,2,2,1,2,2,2,2,2,1,1,1,1,2,1,2,1,2,1,1,1,2,2,2,1,1,1,1,2,1,1,2,2,2,2,2,2,1,1,2,1,1,2,1,2,2,1,2,1,2,2,2,2,2,1,1,2,2,1,2,1,1,2
MYS,1,1,1,2,1,1,1,1,1,1,1,1,1,1,1,1,1,1,1,1,1,1,1,1,1,1,1,1,1,2,1,2,2,1,1,1,1,2,1,1,1,1,1,1,1,1,1,1,1,1,1,1,1,2,1,1,1,1,1,1,1,1,1,1,1,1,1,1,1,1,1,1,1,1,1,1,1,1,1,2,1,2,1,1,1,1,1,1,1,1,1,1,1,1,1,1,2,2,1,1,1,1,1,1,-1,1,2,1,1,1,1,1,1,1,1,1,1,1,1,1,1,2,1,1,1,1,2,1,2,1,1,1,1,1,1,1,1,2,1,1,1,1,1,1,1,1,1,1,1,1,1,1,1,2,1,1,1,1,1,1,1,1,1,1,1,1,1,1,1,1,1,2,1,1,1,1,1,1,1,1,1,2,1,1,1,2,1,1,2,1,1,1,1,1,1,1,1,1,2
MDV,1,2,2,2,1,2,2,1,2,1,1,1,1,1,2,2,1,1,1,1,2,1,2,1,2,1,1,1,1,2,1,2,2,2,1,1,1,2,1,1,1,2,2,2,2,2,1,1,2,1,2,1,1,2,2,1,1,1,2,2,1,1,1,2,1,2,1,2,1,1,2,1,2,1,2,2,1,1,1,2,1,2,2,1,2,1,1,1,1,1,2,1,1,2,2,1,2,2,2,2,2,1,1,1,1,-1,2,2,1,1,1,2,1,1,2,2,2,1,1,1,2,2,1,2,2,1,2,1,2,2,2,1,1,1,1,1,1,2,2,1,2,2,1,2,1,1,1,1,1,2,1,1,2,2,1,1,1,2,2,1,1,1,1,1,2,1,1,2,2,2,2,2,2,1,1,1,1,1,2,1,1,2,1,1,1,2,1,1,2,2,1,1,2,1,1,2,1,1,2
MLI,1,1,2,2,1,2,2,1,2,2,1,1,1,1,2,2,2,1,1,1,2,1,2,2,2,1,1,1,1,2,1,2,1,2,2,1,1,2,1,2,1,2,2,2,2,2,1,1,2,1,2,1,1,2,2,2,1,2,2,2,1,1,1,2,1,2,2,2,1,1,2,1,2,1,2,2,1,2,1,2,2,2,2,2,2,1,1,1,2,2,2,1,1,2,2,1,1,2,2,2,2,1,1,1,1,1,-1,2,2,1,2,2,1,1,2,2,2,1,1,2,2,2,1,2,2,2,1,1,2,2,2,1,1,1,2,2,2,2,2,1,2,2,2,2,2,1,1,1,1,2,1,2,1,2,1,1,1,2,2,2,1,1,1,1,2,1,1,2,2,2,2,2,2,1,1,2,1,1,2,2,1,2,1,2,1,2,2,2,2,2,1,2,2,2,1,2,1,1,2
MLT,1,2,1,1,1,1,1,1,1,1,1,1,1,1,1,1,1,1,1,1,1,1,1,1,1,1,1,1,1,1,1,2,2,1,2,1,1,2,1,1,1,1,2,1,1,1,1,1,1,1,1,1,1,2,1,1,1,1,1,1,1,1,1,1,1,1,1,1,1,1,2,1,1,1,1,1,1,1,1,1,1,1,1,1,1,1,1,1,2,1,1,1,1,1,1,2,2,2,1,1,1,1,1,1,1,1,2,-1,1,1,1,1,1,1,1,1,1,1,1,1,2,2,1,1,1,1,2,1,2,1,1,1,1,1,1,1,1,1,1,1,1,1,1,1,1,1,1,1,1,1,1,1,1,1,1,1,1,1,1,1,1,1,1,1,1,1,1,2,2,1,1,2,1,1,1,1,1,1,1,1,1,2,1,1,1,1,1,1,1,1,1,1,1,1,1,2,1,1,2
MHL,1,2,1,1,1,2,1,1,1,2,1,1,1,1,2,1,1,1,1,1,1,1,2,2,1,1,1,1,1,2,1,2,2,2,2,1,1,2,1,1,1,1,2,1,1,1,1,1,1,1,1,1,1,2,1,2,1,1,1,1,1,2,1,1,1,1,2,1,1,1,2,1,1,1,1,1,1,2,1,2,2,2,1,2,2,1,1,1,1,1,2,1,1,1,2,1,2,2,1,1,1,1,1,1,1,1,2,1,-1,1,1,1,1,1,1,1,2,2,1,2,2,1,1,1,2,1,2,1,2,2,1,1,1,1,1,1,1,2,1,1,1,1,2,1,2,1,1,1,1,1,1,2,1,2,1,1,1,1,1,1,1,2,1,1,1,1,1,2,2,1,1,2,1,1,1,1,1,1,1,2,2,2,1,2,1,1,2,1,1,2,1,1,1,2,1,2,1,1,2
MRT,1,1,2,2,1,2,2,1,2,2,1,1,1,1,2,2,2,1,1,1,2,1,2,2,2,1,1,1,1,2,1,2,1,2,2,1,1,1,1,2,1,2,2,2,2,2,1,1,2,1,2,1,1,2,2,2,1,2,2,2,1,1,1,2,1,2,2,2,1,1,2,1,2,1,2,2,2,2,1,2,2,2,2,2,2,1,1,1,2,2,2,1,1,2,1,1,2,2,2,2,2,1,1,1,1,1,1,2,2,-1,1,2,1,1,2,1,2,2,1,2,2,2,1,2,2,1,1,1,2,2,2,1,1,1,2,2,2,2,2,1,2,2,2,2,2,1,1,1,1,2,1,2,1,2,1,1,1,2,2,2,1,2,2,1,2,1,1,2,2,2,2,1,2,1,1,2,1,1,2,2,1,2,1,2,1,2,2,2,2,2,1,2,2,2,1,2,1,1,2
MUS,1,2,1,1,1,2,2,1,1,1,1,1,2,1,2,1,1,1,1,1,1,1,2,2,1,1,1,1,1,2,1,2,2,1,1,1,1,2,1,1,1,1,2,1,1,1,1,1,1,1,2,1,1,2,1,1,1,1,1,1,1,1,1,1,1,1,1,2,1,1,2,1,2,1,1,1,1,2,1,2,2,1,1,1,1,1,1,1,1,1,2,1,1,1,2,1,2,2,1,1,1,1,1,1,1,1,2,1,1,1,-1,2,1,1,1,1,1,2,1,1,1,2,1,1,1,1,2,1,2,1,1,1,1,1,1,1,1,2,2,1,1,1,1,1,1,1,1,1,1,1,1,1,1,2,1,1,1,1,1,2,1,1,1,1,1,1,1,2,2,1,1,2,1,1,1,1,1,1,2,1,1,2,1,1,1,2,1,1,2,2,1,1,1,2,1,2,1,1,2
MEX,1,2,1,1,1,1,1,1,1,1,1,1,2,1,1,1,1,1,1,1,1,1,1,2,1,1,1,1,1,1,1,2,2,1,2,1,1,2,1,1,1,1,2,1,1,1,1,1,1,1,1,1,1,2,1,2,1,1,1,1,1,2,1,1,1,1,1,1,1,1,2,1,1,1,1,1,1,1,1,2,1,1,1,1,1,1,1,1,1,1,2,1,1,1,1,1,2,2,1,1,1,1,1,1,1,1,2,1,1,1,1,-1,1,1,1,1,1,1,1,1,1,2,1,1,1,1,2,1,2,1,1,1,1,1,1,1,1,1,1,1,1,1,1,1,1,1,1,1,1,1,1,2,2,1,1,1,1,1,1,2,1,1,1,1,1,1,1,2,2,1,1,2,2,1,1,1,1,1,2,1,1,2,1,1,1,2,1,1,2,1,1,1,1,1,1,2,1,1,2
FSM,1,2,1,1,1,2,1,1,1,2,1,1,1,1,1,1,1,1,1,1,1,1,2,2,1,1,1,1,1,2,1,2,2,2,2,1,1,2,1,1,1,1,2,1,1,1,1,1,1,1,1,1,1,2,1,2,1,1,1,1,1,1,1,1,1,1,1,2,1,1,2,1,2,1,1,1,1,2,1,2,2,1,1,2,2,2,1,1,1,1,2,1,1,1,2,1,2,2,1,1,1,1,1,1,1,1,2,1,1,1,1,1,-1,1,1,1,2,2,1,2,2,1,1,1,2,1,2,1,2,2,1,1,1,1,1,1,1,2,1,1,1,1,2,1,2,1,1,1,1,1,1,2,1,2,1,1,1,1,1,1,1,2,1,1,1,1,1,2,2,1,1,2,2,1,1,1,1,1,1,2,2,2,1,2,1,2,2,1,1,2,1,1,1,2,1,2,1,1,2
MDA,1,2,1,2,1,2,1,1,1,1,1,1,1,1,1,1,2,1,1,1,1,1,1,2,1,1,1,1,1,2,1,2,2,1,2,1,1,2,1,2,1,1,2,1,1,1,1,1,2,1,1,1,1,2,1,2,1,1,1,1,1,1,1,1,1,1,2,2,1,1,2,1,2,2,1,1,1,2,1,2,2,1,1,1,2,1,1,1,2,2,2,1,1,1,1,1,2,2,1,1,1,1,1,1,1,1,2,1,2,1,1,2,1,-1,1,1,1,2,1,2,1,2,1,1,2,1,2,1,2,1,1,1,1,1,1,1,2,2,1,2,1,1,1,1,1,1,1,2,1,1,1,2,2,1,1,1,1,1,1,2,1,2,1,1,1,1,1,2,2,1,1,2,2,1,1,2,1,1,2,2,1,2,1,1,1,1,2,2,2,2,1,2,1,2,1,2,1,1,2
MCO,1,2,1,1,1,1,1,1,1,1,1,1,1,1,1,1,1,1,1,1,1,1,1,2,1,1,1,1,1,1,1,2,2,1,2,1,1,2,1,1,1,1,2,1,1,1,1,1,1,1,1,1,1,2,1,1,1,1,1,1,1,1,1,1,1,1,1,1,1,1,2,1,1,1,1,1,1,1,1,2,1,1,1,1,1,1,1,1,2,1,1,1,1,1,1,1,2,2,1,1,1,1,1,1,1,1,2,1,1,1,1,1,1,1,-1,1,1,1,1,1,2,2,1,1,1,1,2,1,2,1,1,1,1,1,1,1,1,1,1,1,1,1,1,1,1,1,1,1,1,1,1,1,1,1,1,1,1,1,1,1,1,1,1,1,1,1,1,2,2,1,1,2,1,1,1,1,1,1,1,2,1,2,1,1,1,1,1,1,1,1,1,1,1,1,1,2,1,1,2
MNG,1,2,2,2,1,1,1,1,2,1,1,1,1,1,1,2,2,1,1,1,2,1,1,2,2,1,1,1,1,2,1,2,2,1,1,1,1,2,1,2,1,2,1,2,2,2,1,1,2,1,2,1,1,2,2,2,1,2,2,2,1,2,1,2,1,2,2,2,1,1,2,1,2,1,2,2,1,2,1,2,2,1,2,2,1,1,1,1,2,2,2,1,1,2,2,1,2,2,2,2,2,1,1,1,1,1,2,2,1,1,1,2,1,1,2,-1,2,2,1,1,2,2,1,2,2,2,2,1,2,2,2,1,1,1,1,1,2,2,1,1,2,2,2,2,1,1,1,1,1,2,1,2,2,1,1,1,1,2,2,2,1,2,1,1,2,1,1,2,2,2,2,2,2,1,1,1,1,1,2,2,2,2,1,1,1,2,2,2,2,1,1,2,2,2,1,2,1,1,2
MNE,1,2,1,2,1,1,1,1,1,1,1,1,1,1,1,1,2,1,1,1,1,1,1,2,1,1,1,1,1,2,1,2,2,1,2,1,1,2,1,1,1,1,1,1,1,1,1,1,2,1,1,1,1,2,1,1,1,2,1,1,1,1,1,1,1,1,2,2,1,1,2,1,2,1,1,1,1,2,1,2,2,1,1,1,2,1,1,1,2,1,2,1,1,1,1,1,2,2,1,1,1,1,1,1,1,1,2,1,2,1,1,2,1,1,1,1,-1,2,1,2,2,2,1,1,2,1,2,1,2,1,1,1,1,1,1,1,2,2,1,2,1,1,1,1,1,1,1,1,1,1,1,1,2,1,1,1,1,1,1,2,1,2,1,1,1,1,1,2,2,1,1,2,1,1,1,1,1,1,2,1,1,2,1,1,1,1,1,2,2,1,1,2,1,2,1,2,1,1,2
MAR,1,1,2,1,1,2,1,1,2,1,1,1,2,1,2,2,1,1,1,1,2,1,1,2,2,1,1,1,1,2,2,2,2,2,2,1,1,1,1,2,1,2,2,2,2,2,1,1,1,1,2,1,1,2,2,2,1,2,2,2,1,1,1,2,1,2,1,2,1,1,2,1,2,1,2,2,2,1,1,2,2,2,2,2,2,1,1,1,1,2,2,1,1,2,1,1,2,2,2,2,2,1,1,1,1,1,1,2,1,1,1,2,1,1,2,2,2,-1,1,1,2,2,1,2,2,1,1,1,2,2,2,1,1,1,1,2,2,2,2,1,2,2,2,2,2,1,1,2,1,2,1,2,1,2,1,1,1,2,2,2,1,1,1,1,2,1,1,2,2,2,2,1,2,1,1,2,1,1,2,2,1,2,1,1,1,2,2,2,2,2,1,1,2,2,1,2,1,1,2
MOZ,1,2,2,2,1,2,2,1,2,2,1,1,1,1,2,2,2,1,1,1,2,1,2,2,2,1,1,1,1,2,1,2,2,2,2,1,1,2,1,2,1,2,2,2,2,2,1,1,2,1,2,1,1,2,2,1,1,2,2,2,1,1,1,2,1,2,1,2,1,1,2,1,2,1,2,2,1,1,1,2,2,2,2,1,2,1,1,1,1,2,2,1,2,2,2,2,2,2,2,2,2,1,1,1,1,1,2,2,2,1,1,2,1,1,2,1,2,2,-1,2,1,2,1,2,2,1,2,1,2,2,2,1,1,1,2,2,2,2,2,1,2,2,2,2,2,1,1,1,1,2,1,2,2,2,1,1,1,2,2,2,1,1,1,1,2,1,1,2,2,2,2,2,2,1,1,2,1,1,2,2,2,2,1,2,1,2,2,2,2,2,1,1,2,2,1,2,1,1,2
MMR,1,2,2,2,1,2,1,1,2,2,1,1,2,2,2,2,2,1,1,1,2,1,2,1,2,1,1,1,1,2,1,2,2,2,2,1,1,2,1,2,1,2,2,2,2,2,1,1,2,1,2,1,1,2,2,2,1,2,2,2,1,2,1,2,1,2,2,2,1,1,2,1,2,2,2,2,1,1,1,2,2,2,2,2,2,1,1,1,2,2,2,1,1,2,2,1,2,2,2,2,2,1,1,1,1,1,2,2,2,1,1,2,1,1,2,1,2,2,1,-1,2,2,1,2,2,1,2,1,2,2,2,1,1,2,2,2,2,2,2,1,2,2,2,2,1,1,1,2,1,2,1,2,2,2,1,1,1,2,2,2,1,2,1,1,2,1,1,2,2,2,2,2,1,1,1,1,1,1,2,2,2,2,1,2,1,2,2,2,2,2,1,2,2,2,1,2,1,1,2
NAM,1,2,2,1,1,2,2,1,2,2,1,1,1,1,2,2,1,1,1,1,2,1,1,2,2,1,1,1,1,2,1,2,2,2,2,1,1,2,1,2,1,2,1,2,2,2,1,1,1,1,2,1,1,2,2,1,1,2,2,2,1,1,1,2,1,2,1,2,1,1,2,1,2,1,2,2,1,2,1,2,2,2,2,1,2,1,1,1,1,1,2,1,1,2,2,1,2,2,2,2,2,1,1,1,1,1,2,2,2,1,1,2,1,1,2,1,2,2,1,2,-1,2,1,2,2,1,2,1,2,2,2,1,1,1,2,1,1,2,2,1,2,2,2,2,1,1,1,1,1,2,1,2,1,2,1,1,1,2,2,2,1,1,1,1,2,1,1,2,2,2,2,2,2,1,1,2,1,1,2,1,1,2,1,2,1,2,2,2,2,2,1,1,2,2,1,2,1,1,2
NRU,1,2,2,1,1,2,1,1,2,2,1,1,1,1,2,2,2,1,1,1,2,1,2,2,2,1,1,1,1,2,1,2,2,2,2,1,1,2,1,1,1,2,2,2,2,2,1,1,1,1,1,1,1,2,2,1,1,1,2,2,1,1,1,2,1,2,1,2,1,1,2,1,2,1,2,2,1,2,1,2,1,1,2,1,2,1,1,1,1,1,2,1,2,2,2,1,2,2,2,2,2,1,1,1,1,1,2,2,1,1,1,2,1,1,2,1,2,2,1,2,2,-1,1,2,2,1,2,1,2,2,2,1,1,1,1,1,1,2,1,2,2,2,2,2,1,1,1,1,1,2,1,2,2,2,1,1,1,2,2,1,1,2,1,1,2,1,1,2,2,2,2,2,1,1,1,1,1,1,1,1,2,2,1,2,1,2,1,1,2,2,1,1,2,2,1,2,1,1,2
NPL,1,2,2,2,1,2,2,1,2,1,1,1,1,1,2,2,2,1,1,1,2,1,2,2,2,1,1,1,1,2,1,2,2,2,2,1,1,2,1,2,1,2,2,2,2,2,1,1,2,1,1,1,1,2,2,2,1,2,2,2,1,1,1,2,1,2,2,2,1,1,2,1,2,2,2,2,1,2,1,2,2,2,2,2,2,1,1,1,2,2,2,1,1,2,2,1,2,2,2,2,2,2,1,1,1,1,2,2,2,1,1,2,1,1,2,1,2,2,1,1,2,2,-1,2,2,2,2,1,2,2,2,1,1,1,1,2,2,2,2,1,2,2,2,2,2,1,1,2,1,2,1,2,1,2,1,1,1,2,2,2,1,2,1,1,2,1,1,2,1,2,2,2,2,1,1,2,1,1,2,2,2,2,1,2,1,2,2,2,2,2,1,2,2,2,1,2,1,1,2
NLD,1,2,1,1,1,1,1,1,1,1,1,1,1,1,1,1,1,1,1,1,1,1,1,1,1,1,1,1,1,1,1,2,2,1,1,1,1,2,1,1,1,1,2,1,1,1,1,1,1,1,1,1,1,2,1,1,1,1,1,1,1,1,1,1,1,1,1,1,1,1,1,1,1,1,1,1,1,1,1,1,1,1,1,1,1,1,1,1,1,1,1,1,1,1,1,1,2,2,1,1,1,1,1,1,1,1,2,1,1,1,1,1,1,1,1,1,1,1,1,1,1,2,1,-1,1,1,2,1,2,1,1,1,1,1,1,1,1,1,1,1,1,1,1,1,1,1,1,1,1,1,1,1,1,1,1,1,1,1,1,1,1,1,1,1,1,1,1,2,2,1,1,2,1,1,1,1,1,1,1,1,1,2,1,1,1,1,1,1,1,1,1,1,1,1,1,2,1,1,2
NZL,1,2,1,1,1,1,1,1,1,1,1,1,1,1,1,1,1,1,1,1,1,1,1,1,1,1,1,1,1,1,1,2,2,1,2,1,1,2,1,1,1,1,2,1,1,1,1,1,1,1,1,1,1,2,1,1,1,1,1,1,1,1,1,1,1,1,1,1,1,1,1,1,1,1,1,1,1,1,1,1,1,1,1,1,1,1,1,1,1,1,1,1,1,1,1,1,2,2,1,1,1,1,1,1,1,1,2,1,1,1,1,1,1,1,1,1,1,1,1,1,1,2,1,1,-1,1,2,1,2,1,1,1,1,1,1,1,1,1,1,1,1,1,1,1,2,1,1,1,1,1,1,1,1,1,1,1,1,1,1,1,1,1,1,1,1,1,1,2,2,1,1,2,1,1,1,1,1,1,1,1,1,2,1,1,1,1,1,1,1,1,1,1,1,1,1,2,1,1,2
NIC,1,2,1,2,1,1,1,1,1,2,1,1,1,1,1,1,1,1,1,1,1,1,1,2,1,1,1,1,1,2,1,2,2,1,2,1,1,2,1,2,1,1,2,1,1,1,1,1,1,1,1,1,1,2,1,2,1,2,1,1,1,2,1,1,1,1,1,1,1,1,2,1,1,2,1,1,1,2,1,2,1,2,1,2,2,1,1,1,2,2,2,1,1,1,2,1,2,2,1,1,1,1,1,1,1,1,2,1,2,1,1,2,1,1,1,1,1,2,1,2,1,2,1,1,2,-1,2,1,2,1,1,1,1,1,1,1,2,1,2,1,1,1,2,1,1,1,1,1,1,1,1,2,2,2,1,1,1,1,1,2,1,2,1,1,1,1,1,2,2,1,1,2,1,1,1,2,1,1,2,1,2,2,1,1,1,2,2,1,2,1,1,2,1,1,1,2,1,1,2
NER,1,2,2,2,1,2,2,1,2,2,1,1,1,1,2,2,2,1,1,1,2,1,2,2,2,1,1,1,1,2,1,1,1,2,2,1,1,1,1,2,1,2,2,2,2,2,1,1,2,1,2,1,1,2,2,2,1,2,2,2,1,1,1,2,1,2,2,2,1,1,2,1,2,1,2,2,1,2,1,2,2,2,2,2,2,1,1,1,2,2,2,1,2,2,2,1,1,2,2,2,2,1,1,1,1,1,1,2,2,1,1,2,1,1,2,2,2,1,1,2,2,2,1,2,2,1,-1,1,2,2,2,1,1,1,2,2,2,2,2,1,2,2,2,2,2,1,1,2,1,2,1,2,1,2,1,1,1,2,2,2,1,1,1,1,2,1,1,2,2,2,2,2,2,1,1,2,1,1,2,2,1,2,1,2,1,2,2,2,2,2,1,2,2,2,1,2,1,1,2
NGA,1,2,2,2,1,2,2,1,2,2,1,1,2,1,2,2,2,1,1,1,2,1,2,2,2,1,1,1,1,2,1,2,1,2,2,1,1,2,1,2,1,2,2,2,2,2,1,1,2,1,2,1,1,2,2,2,1,1,2,2,1,1,1,2,1,2,2,2,1,1,2,1,2,2,2,2,2,2,1,2,2,2,2,2,2,2,1,1,1,2,2,1,2,2,1,1,1,2,2,2,2,2,1,1,1,1,1,2,2,1,1,2,1,1,2,2,2,2,1,2,1,2,2,2,2,2,1,-1,2,2,2,1,1,1,2,2,2,2,2,2,2,2,2,2,2,1,1,2,1,2,1,2,1,2,1,1,1,2,2,2,1,1,1,1,2,1,2,2,1,2,2,2,2,1,1,2,1,1,2,2,2,2,1,2,1,2,2,2,2,2,1,1,2,2,1,2,1,1,2
PRK,1,2,2,2,1,2,1,1,2,2,1,2,1,2,2,2,2,1,1,1,2,1,2,2,2,1,1,1,1,2,1,2,2,2,2,1,1,2,1,2,1,2,2,2,2,2,1,1,2,1,1,1,1,2,2,2,1,2,2,2,1,1,1,2,1,2,2,2,1,1,1,1,2,2,2,2,2,2,1,2,2,2,2,2,0,1,1,1,2,2,2,1,1,2,2,1,2,2,2,2,2,1,1,1,2,1,2,2,2,1,2,2,1,1,2,2,2,2,1,2,2,2,1,2,2,1,2,1,-1,2,2,1,2,1,1,2,2,2,2,2,2,2,2,2,1,1,1,2,1,2,1,2,2,2,1,1,1,2,2,2,1,2,1,1,2,0,1,2,2,2,2,2,2,1,1,1,1,1,2,2,2,2,1,2,1,2,2,2,2,2,1,2,2,2,1,2,1,1,2
MKD,1,2,1,2,1,1,1,1,1,1,1,1,1,1,1,1,2,1,1,1,1,1,1,2,1,1,1,1,1,2,1,2,2,1,2,1,1,2,1,2,1,1,1,1,1,1,1,1,1,1,1,1,1,2,1,2,1,2,1,1,1,1,1,1,1,1,2,1,1,1,2,1,1,1,1,1,1,2,1,2,2,1,1,1,1,1,1,1,2,1,2,1,1,1,1,1,2,2,1,1,1,1,1,1,1,1,2,1,2,1,1,2,1,1,1,1,1,2,1,2,2,2,1,1,2,1,2,1,2,-1,1,1,1,1,1,1,2,2,1,2,1,1,1,1,1,1,1,2,1,1,1,2,2,1,1,1,1,1,1,2,1,2,1,1,1,1,1,2,2,1,1,2,1,1,1,2,1,1,2,2,1,2,1,1,1,1,2,2,2,2,1,2,1,2,1,2,1,1,2
NOR,1,2,1,1,1,1,1,1,1,1,1,1,1,1,1,1,1,1,1,1,1,1,1,1,1,1,1,1,1,1,1,2,2,1,2,1,1,2,1,1,1,1,2,1,1,1,1,1,1,1,1,1,1,2,1,1,1,1,1,1,1,1,1,1,1,1,1,1,1,1,1,1,1,1,1,1,1,1,1,2,1,1,1,1,1,1,1,1,1,1,1,1,1,1,1,1,2,2,1,1,1,1,1,1,1,1,2,1,1,1,1,1,1,1,1,1,1,1,1,1,1,2,1,1,1,1,2,1,2,1,-1,1,1,1,1,1,1,1,1,1,1,1,1,1,1,1,1,1,1,1,1,1,1,1,1,1,1,1,1,1,1,1,1,1,1,1,1,2,2,1,1,2,1,1,1,1,1,1,1,1,1,2,1,1,1,1,1,1,1,1,1,1,1,1,1,2,1,1,2
OMN,1,2,2,2,1,2,1,1,2,1,1,1,1,1,1,2,2,1,1,1,1,1,2,1,2,1,1,1,1,2,1,2,2,2,2,1,1,2,1,2,1,2,2,2,2,2,1,1,2,1,1,1,1,2,2,2,1,2,2,2,1,2,1,2,1,2,2,2,1,1,2,1,2,1,2,2,1,1,1,1,2,2,2,2,2,1,1,1,2,1,1,1,1,2,1,1,2,2,2,2,2,1,1,1,1,1,2,2,2,1,1,2,1,1,2,2,2,1,1,2,2,2,1,2,1,1,2,1,2,2,2,-1,1,1,1,2,2,1,2,1,2,2,1,2,1,1,1,2,1,2,1,1,1,1,1,1,1,2,2,2,1,2,1,1,2,1,1,2,2,2,2,1,1,1,1,1,1,1,2,2,1,2,1,1,1,1,1,1,2,2,10,1,2,2,1,1,1,1,2
PAK,1,2,2,2,1,2,2,1,2,1,1,1,2,1,2,2,2,1,1,1,2,1,2,2,2,1,1,1,1,2,1,2,2,2,2,1,1,2,1,2,1,2,2,2,2,2,1,1,2,1,2,1,1,2,2,2,1,2,2,2,1,1,1,2,1,2,2,2,1,1,2,1,2,2,2,2,2,2,2,2,2,2,2,2,2,1,2,1,2,2,2,1,2,2,2,1,2,0,2,2,2,2,1,1,1,1,2,2,2,1,2,2,1,1,2,2,2,2,1,1,2,2,1,2,2,2,2,1,2,2,2,1,-1,1,2,2,2,2,2,2,2,2,1,2,2,1,1,2,1,2,1,2,1,2,1,1,1,2,2,2,2,1,1,1,2,1,1,2,1,2,2,2,2,1,1,2,1,1,2,1,2,2,1,2,1,2,2,2,2,2,1,1,2,2,1,2,1,1,2
PLW,1,2,1,1,1,2,1,1,1,2,1,1,1,1,2,1,1,1,1,1,1,1,2,2,1,1,1,1,1,2,1,2,2,2,2,1,1,2,1,1,1,1,2,1,1,1,1,1,2,1,1,1,1,2,1,2,1,1,1,1,1,1,1,1,1,1,1,2,1,1,2,1,2,1,1,1,1,2,1,2,2,1,1,2,2,1,1,1,1,1,2,1,1,1,2,1,2,2,1,1,1,1,1,1,1,1,2,1,1,1,1,1,1,1,1,1,2,2,1,2,2,1,1,1,2,1,2,1,2,2,1,1,1,-1,1,1,1,2,1,1,1,1,2,1,1,1,1,1,1,1,1,2,1,1,1,1,1,1,1,1,1,2,1,1,1,1,1,2,2,1,1,2,1,1,1,2,1,1,1,2,2,2,1,2,1,2,2,1,1,2,1,1,1,2,1,2,1,1,2
PSE,1,2,2,2,1,2,2,1,2,2,1,1,1,2,2,2,2,1,1,1,2,1,2,2,2,1,1,1,1,2,1,2,2,2,2,1,1,2,1,2,1,2,2,2,2,2,1,1,2,1,2,1,1,2,2,1,1,2,2,2,1,2,1,2,1,2,2,2,1,1,2,2,2,2,2,2,1,1,1,2,2,2,2,2,2,1,2,1,2,2,2,1,1,2,2,1,2,2,2,2,2,1,0,1,1,1,2,2,2,1,2,2,1,1,2,2,2,2,1,2,2,2,2,2,2,1,2,1,2,2,2,1,1,1,-1,2,2,2,2,2,2,2,2,2,2,1,1,2,1,2,1,2,1,2,1,1,1,2,2,2,1,1,1,1,2,1,2,2,2,2,2,0,2,1,1,2,1,1,2,2,2,2,1,1,1,2,2,2,2,2,1,2,2,1,1,2,1,1,2
PAN,1,2,1,1,1,1,1,1,1,1,1,1,1,1,1,1,1,1,1,1,1,1,1,2,1,1,1,1,1,2,1,2,2,1,2,1,1,2,1,1,1,1,2,1,1,1,1,1,1,1,1,1,1,2,1,2,1,2,1,1,1,2,1,1,1,1,2,1,1,1,1,2,1,1,1,1,1,1,1,2,1,1,1,1,2,1,1,1,1,1,2,1,1,1,1,1,2,2,1,1,1,1,1,1,1,1,2,1,2,1,1,1,1,1,1,1,1,2,1,1,2,2,1,1,2,1,2,1,2,1,1,1,1,1,1,-1,2,1,1,1,1,1,1,1,1,1,1,1,1,1,1,1,2,2,1,2,1,1,1,2,1,1,1,1,1,1,1,2,2,1,1,2,1,1,1,2,1,1,2,1,2,2,1,1,1,1,2,1,2,1,1,2,1,2,1,2,1,1,2
PNG,1,2,2,1,1,2,1,1,2,2,1,1,1,2,2,2,1,1,1,1,2,1,2,2,2,1,1,1,1,1,1,2,2,2,2,1,1,2,1,2,1,2,2,2,2,2,1,1,1,1,1,1,1,2,2,1,1,1,2,2,1,1,1,2,1,2,1,2,1,1,2,1,2,1,2,2,1,2,1,2,2,1,2,1,2,1,1,1,1,1,2,1,1,2,2,1,2,2,2,2,2,1,1,1,1,1,2,2,1,1,1,2,1,1,2,1,2,2,1,2,2,1,1,2,2,1,2,1,2,2,2,1,1,1,1,1,-1,2,1,1,2,2,2,2,2,1,1,1,1,2,1,2,1,2,1,1,1,2,2,1,1,2,1,1,2,1,1,2,2,2,2,2,2,1,1,1,1,1,1,2,2,2,1,2,1,2,2,1,2,2,1,1,2,2,1,2,1,1,2
PRY,1,2,1,2,1,1,1,1,1,1,1,1,2,1,2,1,1,1,1,1,1,1,1,2,1,1,1,1,1,2,1,2,2,1,2,1,1,2,1,1,1,1,2,1,1,1,1,1,1,1,1,1,1,2,1,2,1,1,1,1,1,2,1,1,1,1,2,1,1,1,2,1,1,1,1,1,1,2,1,2,1,1,1,1,2,1,1,1,1,1,2,1,1,1,1,1,2,2,1,1,1,1,1,1,1,1,2,1,2,1,1,1,1,1,1,1,1,2,1,2,2,2,1,1,2,1,2,1,2,1,1,1,1,1,1,1,2,-1,1,1,1,1,1,1,1,1,1,1,1,1,1,2,2,1,1,1,1,1,1,2,1,1,1,1,1,1,1,2,2,1,1,2,1,1,1,2,1,1,2,2,2,2,1,1,1,1,1,1,2,1,1,2,1,1,1,2,1,1,2
PER,1,2,1,2,1,1,1,1,1,1,1,1,1,1,1,1,1,1,1,1,1,1,1,1,1,1,1,1,1,2,1,2,2,1,2,1,1,2,1,1,1,1,2,1,1,1,1,1,1,1,1,1,1,2,1,2,1,1,1,1,1,2,1,1,1,1,1,1,1,1,1,1,1,1,1,1,1,1,1,2,2,1,1,1,2,1,1,1,1,2,2,1,1,1,1,1,2,2,1,1,1,1,1,1,1,1,2,1,1,1,1,1,1,1,1,1,1,1,1,1,2,2,1,1,2,1,2,1,2,1,1,1,1,1,1,1,1,1,-1,1,1,1,1,1,1,1,1,1,1,1,1,2,2,1,1,1,1,1,1,2,1,1,1,1,1,1,1,2,2,1,1,2,1,1,1,1,1,1,2,1,2,2,1,1,1,1,1,1,2,1,1,1,1,2,1,2,1,1,2
PHL,1,2,2,2,1,2,1,1,2,2,1,1,2,1,2,2,2,1,1,1,2,1,1,1,2,1,1,1,1,2,1,2,2,2,2,1,1,2,1,1,1,2,2,2,2,2,1,1,2,1,2,1,1,2,2,2,1,1,2,2,1,1,1,2,1,2,2,2,1,1,2,1,2,1,2,2,1,1,1,2,2,1,2,2,2,1,1,1,1,2,2,1,1,2,2,1,2,2,2,2,2,1,1,1,1,1,2,2,1,1,1,2,1,1,2,1,2,1,1,1,2,2,1,2,2,1,2,1,2,2,2,1,1,1,1,2,1,2,1,-1,2,2,2,2,1,1,1,1,1,2,1,2,1,2,1,1,1,2,2,2,1,1,1,1,2,1,1,2,1,2,2,2,1,1,1,1,1,1,2,1,2,2,1,2,1,2,2,2,2,2,1,1,2,2,1,2,1,1,2
POL,1,2,1,1,1,1,1,1,1,1,1,1,1,1,1,1,1,1,1,1,1,1,1,1,1,1,1,1,1,1,1,2,2,1,2,1,1,2,1,1,1,1,2,1,1,1,1,1,1,1,1,1,1,2,1,1,1,1,1,1,1,1,1,1,1,1,1,1,1,1,2,1,1,1,1,1,1,1,1,1,1,1,1,1,1,1,1,1,1,1,1,1,1,1,1,1,2,2,1,1,1,1,1,1,1,1,2,1,1,1,1,1,1,1,1,1,1,1,1,1,1,2,1,1,1,1,2,1,2,1,1,1,1,1,1,1,1,1,1,1,-1,1,1,1,1,1,1,1,1,1,1,1,1,1,1,1,1,1,1,1,1,1,1,1,1,1,1,2,2,1,1,2,1,1,1,1,1,1,1,1,1,2,1,1,1,1,1,1,1,1,1,1,1,1,1,2,1,1,2
PRT,1,2,1,1,1,1,1,1,1,1,1,1,1,1,1,1,1,1,1,1,1,1,1,1,1,1,1,1,1,1,1,2,2,1,2,1,1,2,1,1,1,1,2,1,1,1,1,1,1,1,1,1,1,2,1,1,1,1,1,1,1,1,1,1,1,1,1,1,1,1,1,1,1,1,1,1,1,1,1,1,1,1,1,1,1,1,1,1,1,1,1,1,1,1,1,1,2,2,1,1,1,1,1,1,1,1,2,1,1,1,1,1,1,1,1,1,1,1,1,1,1,2,1,1,1,1,2,1,2,1,1,1,1,1,1,1,1,1,1,1,1,-1,1,1,1,1,1,1,1,1,1,1,1,1,1,1,1,1,1,1,1,1,1,1,1,1,1,2,2,1,1,2,1,1,1,1,1,1,1,1,1,2,1,1,1,1,1,1,1,1,1,1,1,1,1,2,1,1,2
QAT,1,2,2,1,1,1,1,1,2,1,1,1,1,1,1,2,2,1,1,1,1,1,1,1,2,1,1,1,1,2,1,2,2,2,1,1,1,2,1,1,1,2,2,2,2,2,1,1,1,1,1,1,1,2,2,1,1,2,2,2,1,2,1,2,1,2,2,1,1,1,2,1,1,1,2,2,2,1,1,1,2,2,2,2,1,1,1,1,1,1,1,1,1,2,1,1,2,2,2,2,2,1,1,1,1,1,2,2,2,1,1,2,1,1,2,1,1,1,1,1,2,2,1,2,1,1,2,1,2,2,2,1,1,1,1,1,2,1,2,1,2,2,-1,2,1,1,1,2,1,2,1,1,2,1,1,1,1,2,2,2,1,1,1,1,2,1,1,1,2,2,2,1,1,1,1,1,1,1,2,2,1,2,1,1,1,1,1,1,2,2,10,1,2,1,1,1,1,1,2
ROU,1,2,1,1,1,1,1,1,1,1,1,1,1,1,1,1,1,1,1,1,1,1,1,1,1,1,1,1,1,1,1,2,2,1,2,1,1,2,1,1,1,1,2,1,1,1,1,1,1,1,1,1,1,2,1,2,1,1,1,1,1,1,1,1,1,1,1,1,1,1,2,1,1,1,1,1,1,1,1,1,1,1,1,1,1,1,1,1,1,1,1,1,1,1,1,1,2,2,1,1,1,1,1,1,1,1,2,1,1,1,1,1,1,1,1,1,1,1,1,1,1,2,1,1,1,1,2,1,2,1,1,1,1,1,1,1,1,1,1,1,1,1,1,-1,1,1,1,1,1,1,1,1,1,1,1,1,1,1,1,1,1,1,1,1,1,1,1,2,2,1,1,2,1,1,1,1,1,1,1,1,1,2,1,1,1,1,1,1,2,1,1,1,1,1,1,2,1,1,2
RUS,1,2,2,1,1,1,1,1,2,1,1,1,1,1,1,2,2,1,1,1,1,1,1,1,2,1,1,1,1,2,1,2,2,1,2,1,1,2,1,1,1,2,1,2,2,2,1,1,1,1,1,1,1,2,2,1,1,1,2,2,1,1,1,2,1,2,1,1,1,1,1,1,1,1,2,2,1,1,1,1,2,1,2,1,2,1,1,1,1,2,2,1,1,2,1,1,2,2,2,2,2,1,1,1,1,1,2,2,1,1,1,1,1,1,2,1,1,1,1,1,1,1,1,2,2,1,2,1,2,2,2,1,1,1,1,1,1,1,1,1,2,2,1,2,-1,1,1,1,1,2,1,1,1,1,1,1,1,2,2,2,1,1,1,1,2,1,1,2,2,2,2,2,2,1,1,1,1,1,1,1,1,2,1,1,1,2,1,2,2,1,1,1,2,1,1,2,1,1,2
RWA,1,2,2,1,1,2,2,1,2,2,1,1,1,1,2,2,2,1,1,1,2,1,2,2,2,1,1,1,1,2,1,1,1,2,2,1,1,1,1,2,1,2,2,2,2,2,1,1,2,1,2,1,1,2,2,2,1,2,2,2,1,1,1,2,1,2,1,2,1,1,2,1,2,2,2,2,1,1,1,2,2,2,2,2,2,1,1,1,1,2,2,1,1,2,2,1,2,2,2,2,2,1,1,1,1,1,1,2,2,1,1,2,1,1,2,1,2,2,1,2,1,2,1,2,2,1,2,1,2,2,2,1,1,1,1,2,1,2,2,1,2,2,1,2,2,-1,1,2,1,2,1,2,1,2,1,1,1,2,2,2,1,2,1,1,2,1,1,2,2,2,2,2,2,1,1,2,1,1,2,2,2,2,1,2,1,2,2,2,2,2,1,1,2,2,1,2,1,1,2
KNA,1,2,1,1,1,1,1,1,1,2,1,1,1,1,1,1,1,1,1,1,1,1,1,2,1,1,1,1,1,2,1,2,2,1,2,1,1,2,1,1,1,1,1,1,1,1,1,1,1,1,2,1,1,2,1,2,1,1,1,1,1,1,1,1,1,1,1,1,1,1,1,1,1,1,1,1,1,2,1,2,1,1,1,1,2,1,1,1,1,1,2,1,1,1,1,1,2,2,1,1,1,1,1,1,1,1,2,1,2,1,1,2,1,1,1,1,1,2,1,2,2,2,1,1,2,1,2,1,2,1,1,1,1,1,1,1,1,2,1,1,1,1,2,1,1,1,-1,1,1,1,1,1,1,1,1,1,1,1,1,1,1,2,1,1,1,1,1,2,1,1,1,2,1,1,1,1,1,1,1,1,1,2,1,1,1,1,2,1,2,1,1,1,1,1,1,2,1,1,2
LCA,1,2,1,1,1,1,1,1,1,2,1,1,1,1,2,1,1,1,1,1,1,1,2,2,1,1,1,1,1,2,1,2,2,1,2,1,1,2,1,1,1,1,1,1,1,1,1,1,1,1,1,1,1,2,1,1,1,1,1,1,1,1,1,1,1,1,1,1,1,1,1,1,1,1,1,1,1,2,1,2,1,1,1,1,2,1,1,1,1,1,2,1,1,1,2,1,2,2,1,1,1,1,1,1,1,1,2,1,2,1,1,2,1,1,1,1,1,2,1,2,2,2,1,1,2,1,2,1,2,2,1,1,1,1,1,1,1,2,1,1,1,1,2,1,2,1,1,-1,1,1,1,2,1,2,1,1,1,1,1,1,1,2,1,1,1,1,1,2,1,1,1,2,1,1,1,1,1,1,1,1,1,2,1,1,1,2,2,1,2,2,1,1,1,1,1,2,1,1,2
WSM,1,2,1,1,1,2,2,1,1,2,1,1,1,1,2,1,1,1,1,1,1,1,2,2,1,1,1,1,1,1,1,2,2,2,2,1,1,2,1,1,1,1,2,1,1,1,1,1,2,1,1,1,1,2,1,1,1,1,1,1,1,1,1,1,1,1,1,2,1,1,2,1,2,1,1,1,1,2,1,2,1,2,1,1,2,1,1,1,1,1,2,1,1,1,1,1,2,2,1,1,1,1,1,1,1,1,2,1,1,1,1,2,1,1,1,1,1,2,1,2,2,1,1,1,2,1,2,1,2,2,1,1,1,1,1,1,1,2,1,1,1,1,2,1,1,1,1,1,-1,1,1,2,1,2,1,1,1,1,1,1,1,2,1,1,1,1,1,2,2,1,1,2,2,1,1,2,1,1,1,1,2,2,1,2,1,2,2,1,2,2,1,1,1,2,1,2,1,1,2
SMR,1,2,1,2,1,1,1,1,1,1,1,1,1,1,1,1,1,1,1,1,1,1,1,2,1,1,1,1,1,1,1,2,2,1,1,1,1,2,1,1,1,1,2,1,1,1,1,1,1,1,1,1,1,2,1,1,1,2,1,1,1,1,1,1,1,1,1,1,1,1,2,1,1,1,1,1,1,1,1,2,1,1,1,1,1,1,1,1,2,1,1,1,1,1,1,1,2,2,1,1,1,1,1,1,1,1,2,1,2,1,1,1,1,1,1,1,1,1,1,2,2,2,1,1,1,1,2,1,2,1,1,1,1,1,1,1,1,2,1,1,1,1,1,1,1,1,1,1,1,-1,1,1,1,1,1,1,1,1,1,1,1,1,1,1,1,1,1,2,2,1,1,2,1,1,1,1,1,1,2,2,1,2,1,1,1,1,1,1,1,1,1,1,1,1,1,2,1,1,2
STP,1,2,2,1,1,2,2,1,2,2,1,1,1,1,2,2,2,1,1,1,2,1,2,2,2,1,1,1,1,2,1,2,2,2,2,1,1,2,1,1,1,2,2,2,2,2,1,1,2,1,1,1,1,2,2,2,1,2,2,2,1,1,1,2,1,2,2,1,1,1,2,1,1,1,2,2,2,2,1,2,2,2,2,2,2,1,1,1,2,1,2,1,1,2,2,1,2,2,2,2,2,1,1,1,1,1,2,2,2,1,1,2,1,1,2,1,2,2,1,2,1,2,1,2,2,1,2,1,2,2,2,1,1,1,1,1,2,2,2,1,2,2,2,2,2,1,1,1,1,2,-1,2,2,2,1,1,1,2,2,2,1,1,1,1,2,1,1,2,2,2,2,2,2,1,1,2,1,1,2,2,2,2,1,2,1,2,2,2,2,2,1,2,2,2,1,2,1,1,2
SAU,1,2,2,1,1,2,1,1,2,1,1,1,1,1,1,2,2,1,1,1,2,1,2,1,2,1,1,1,1,2,1,2,2,2,2,1,1,2,1,2,1,2,2,2,2,2,1,1,2,1,1,1,1,2,2,2,1,2,2,2,1,2,1,2,1,2,2,1,1,1,2,1,1,1,2,2,1,1,1,1,2,2,2,2,1,1,1,1,1,1,1,1,1,2,1,1,2,2,2,2,2,1,1,1,1,1,2,2,2,1,1,2,1,1,2,1,1,1,1,1,2,2,1,2,1,1,2,1,2,2,2,1,1,1,1,1,2,2,2,1,2,2,1,2,1,1,1,2,1,2,1,-1,2,2,1,1,1,2,2,2,1,1,1,1,2,1,1,2,2,2,2,1,1,1,1,1,1,1,2,2,1,2,1,1,1,1,1,1,2,2,1,1,2,2,1,1,1,1,2
SEN,1,2,2,2,1,2,2,1,2,2,1,1,1,1,2,2,2,1,1,1,2,1,2,2,2,1,1,1,1,2,1,1,1,2,2,1,1,1,1,2,1,2,2,2,2,2,1,1,2,1,2,1,1,2,2,2,1,1,2,2,1,1,1,2,1,2,2,2,1,1,2,1,2,2,2,2,1,2,1,2,2,2,2,2,2,1,1,1,2,2,2,1,2,2,2,1,1,2,2,2,2,1,1,1,1,1,1,2,2,1,1,2,1,1,2,1,2,1,1,2,2,2,1,2,2,1,1,1,2,2,2,1,1,1,1,2,2,2,2,1,2,2,2,2,2,1,1,1,1,2,1,2,-1,2,1,1,1,2,2,2,1,1,1,1,2,1,1,2,2,2,2,2,2,1,1,2,1,1,2,2,1,2,1,2,1,2,2,2,2,2,1,2,2,2,1,2,1,1,2
SRB,1,2,1,2,1,1,1,1,1,1,1,1,1,1,1,1,2,1,1,1,1,1,1,2,1,1,1,1,1,2,1,2,2,1,1,1,1,2,1,1,1,1,1,1,1,1,1,1,1,1,1,1,1,2,1,1,1,1,1,1,1,1,1,1,1,1,1,2,1,1,2,1,2,1,1,1,1,1,1,2,2,1,1,1,1,1,1,1,2,1,1,1,1,1,1,1,2,2,1,1,1,1,1,1,1,1,2,1,2,1,1,2,1,1,1,1,1,2,1,1,2,2,1,1,2,1,2,1,2,1,1,1,1,1,1,1,2,2,1,2,1,1,1,1,1,1,1,2,1,1,1,2,2,-1,1,1,1,1,1,2,1,2,1,1,1,1,1,2,1,1,1,2,2,1,1,1,1,1,2,1,2,2,1,1,1,1,1,2,2,1,1,1,1,2,1,2,1,1,2
SYC,1,1,1,1,1,2,2,1,1,1,1,1,1,1,1,1,1,1,1,1,1,1,1,2,1,1,1,1,1,2,1,2,2,2,1,1,1,2,1,1,1,1,2,1,1,1,1,1,1,1,1,1,1,2,1,1,1,1,1,1,1,1,1,1,1,1,1,2,1,1,2,1,2,1,1,1,1,1,1,2,1,2,1,1,2,1,1,1,1,1,2,1,1,1,2,1,2,2,1,1,1,1,1,1,1,1,2,1,1,1,1,2,1,1,1,1,1,2,1,2,1,2,1,1,1,1,2,1,2,1,1,1,1,1,1,1,1,2,2,1,1,1,1,1,1,1,1,1,1,1,1,1,1,1,-1,1,1,1,1,2,1,1,1,1,1,1,1,2,2,1,1,2,2,1,1,2,1,1,1,1,1,2,1,1,1,2,1,1,2,1,1,1,1,2,1,2,1,1,2
SLE,1,2,2,2,1,2,2,1,2,2,1,1,1,1,2,2,1,1,1,1,2,1,2,2,2,1,1,1,1,2,1,2,2,2,2,1,1,2,1,2,1,2,2,2,2,2,1,1,2,1,2,1,1,2,2,1,1,1,2,2,1,1,1,2,1,2,1,2,1,1,2,1,2,2,2,2,1,2,1,2,2,2,2,1,2,1,1,1,1,2,2,1,2,2,2,1,1,2,2,2,2,1,1,1,1,1,1,2,2,1,1,2,1,1,2,1,2,2,1,2,1,2,1,2,2,2,1,1,2,2,2,1,1,1,2,2,2,2,2,2,2,2,2,2,2,1,1,1,1,2,1,2,1,2,1,-1,1,2,2,2,1,2,1,1,2,1,1,2,2,2,2,2,2,1,1,2,1,1,2,1,2,2,1,2,1,2,2,2,2,2,1,1,2,2,1,2,1,1,2
SGP,1,2,1,1,1,1,1,1,1,1,1,1,1,1,1,1,1,1,1,1,1,1,1,1,1,1,1,1,1,1,1,2,2,1,1,1,1,2,1,1,1,1,1,1,1,1,1,1,1,1,1,1,1,2,1,1,1,1,1,1,1,1,1,1,1,1,1,1,1,1,1,1,1,1,1,1,1,1,1,2,1,1,1,1,1,1,1,1,1,1,1,1,1,1,1,1,2,2,1,1,1,1,1,1,1,1,2,1,1,1,1,1,1,1,1,1,1,1,1,1,1,2,1,1,1,1,2,1,2,1,1,1,1,1,1,1,1,1,1,1,1,1,1,1,1,1,1,1,1,1,1,1,1,1,1,1,-1,1,1,1,1,1,1,1,1,1,1,2,2,1,1,2,1,1,1,1,1,1,1,1,1,2,1,1,1,2,1,1,1,1,1,1,1,2,1,2,1,1,2
SVK,1,2,1,1,1,1,1,1,1,1,1,1,1,1,1,1,1,1,1,1,1,1,1,1,1,1,1,1,1,1,1,2,2,1,2,1,1,2,1,1,1,1,2,1,1,1,1,1,1,1,1,1,1,2,1,1,1,1,1,1,1,1,1,1,1,1,1,1,1,1,2,1,1,1,1,1,1,1,1,1,1,1,1,1,1,1,1,1,1,1,1,1,1,1,1,1,2,2,1,1,1,1,1,1,1,1,2,1,1,1,1,1,1,1,1,1,1,1,1,1,1,2,1,1,1,1,2,1,2,1,1,1,1,1,1,1,1,1,1,1,1,1,1,1,1,1,1,1,1,1,1,1,1,1,1,1,1,-1,1,1,1,1,1,1,1,1,1,2,2,1,1,2,1,1,1,1,1,1,1,1,1,2,1,1,1,1,1,1,1,1,1,1,1,1,1,2,1,1,2
SVN,1,2,1,1,1,1,1,1,1,1,1,1,1,1,1,1,1,1,1,1,1,1,1,1,1,1,1,1,1,1,1,2,2,1,2,1,1,2,1,1,1,1,2,1,1,1,1,1,1,1,1,1,1,2,1,1,1,1,1,1,1,1,1,1,1,1,1,1,1,1,2,1,1,1,1,1,1,1,1,1,1,1,1,1,1,1,1,1,1,1,1,1,1,1,1,1,2,2,1,1,1,1,1,1,1,1,2,1,1,1,1,1,1,1,1,1,1,1,1,1,2,2,1,1,1,1,2,1,2,1,1,1,1,1,1,1,1,1,1,1,1,1,1,1,1,1,1,1,1,1,1,1,1,1,1,1,1,1,-1,1,1,2,1,1,1,1,1,2,2,1,1,2,1,1,1,1,1,1,1,1,1,2,1,1,1,1,1,1,1,1,1,1,1,1,1,2,1,1,2
SLB,1,2,1,1,1,2,1,1,1,2,1,1,1,1,2,1,1,1,1,1,1,1,2,2,1,1,1,1,1,1,1,2,2,2,2,1,1,2,1,1,1,1,2,1,1,1,1,1,1,1,1,1,1,2,1,1,1,1,1,1,1,1,1,1,1,1,1,1,1,1,2,1,1,2,1,1,1,2,1,2,1,1,1,1,2,1,2,1,1,1,2,1,1,1,2,1,2,2,1,1,1,1,1,1,1,1,2,1,1,1,1,2,1,1,1,1,2,2,1,2,2,1,1,1,2,1,2,1,2,2,1,1,1,1,1,1,1,2,1,1,1,1,2,1,2,1,1,1,1,1,1,2,1,2,1,1,1,1,1,-1,1,2,1,1,1,1,1,2,2,1,1,2,1,1,1,2,1,1,1,1,2,2,1,1,1,2,1,1,2,2,1,1,1,2,1,2,1,1,2
SOM,1,2,2,2,1,2,2,1,2,2,1,1,1,2,2,2,2,1,1,1,2,1,2,2,2,1,1,1,1,0,1,2,2,2,2,1,1,2,1,2,1,2,2,2,2,2,1,1,2,1,2,1,1,2,2,2,1,2,2,2,1,1,1,2,1,2,2,2,1,1,2,1,2,2,2,2,2,2,2,2,2,2,2,2,2,1,2,1,2,2,2,1,1,2,1,1,2,2,2,2,2,1,1,1,1,1,2,2,2,1,2,2,1,1,2,2,2,2,1,2,2,2,2,2,2,2,2,1,2,2,2,1,2,1,1,2,2,2,2,2,2,2,2,2,2,1,1,2,1,2,1,2,2,2,1,1,1,2,2,2,-1,2,1,1,2,1,1,2,1,2,2,2,2,1,1,2,1,1,2,2,2,2,1,2,1,2,2,2,2,2,1,2,2,2,1,2,1,1,2
ZAF,1,2,2,1,1,1,1,1,2,1,1,1,2,1,2,2,1,1,1,1,2,1,1,2,2,1,1,1,1,2,1,2,2,1,2,1,1,2,1,1,1,2,2,2,2,2,1,1,1,1,1,1,1,2,2,1,1,1,2,2,1,1,1,2,1,2,1,1,1,1,1,1,1,1,2,2,1,1,1,2,1,1,2,1,1,1,1,1,1,1,2,1,1,2,2,1,2,2,2,2,2,1,1,1,1,1,2,2,1,1,1,2,1,1,2,1,2,2,1,1,1,2,1,2,2,1,2,1,2,2,2,1,1,1,1,1,1,1,1,1,2,2,1,2,1,1,1,1,1,2,1,1,1,2,1,1,1,2,2,2,1,-1,1,1,2,1,1,2,1,2,2,2,2,1,1,1,1,1,2,1,1,2,1,1,1,2,2,2,2,1,1,1,2,1,1,2,1,1,2
KOR,1,2,1,1,1,1,1,1,1,1,1,1,1,1,1,1,1,1,1,1,1,1,1,1,1,1,1,1,1,1,1,2,2,1,2,1,1,2,1,1,1,1,2,1,1,1,1,1,1,1,1,1,1,2,1,1,1,1,1,1,1,1,1,1,1,1,1,1,1,1,1,1,1,1,1,1,1,1,1,1,1,1,1,1,1,1,1,1,1,1,1,1,1,1,1,1,2,2,1,1,1,1,1,1,1,1,2,1,1,1,1,1,1,1,1,1,1,1,1,1,1,2,1,1,1,1,2,1,2,1,1,1,1,1,1,1,1,1,1,1,1,1,1,1,1,1,1,1,1,1,1,1,1,1,1,1,1,1,1,1,1,1,-1,1,1,1,1,2,2,1,1,2,1,1,1,1,1,1,1,1,1,2,1,1,1,1,1,1,1,1,1,1,1,1,1,2,1,1,2
SSD,1,2,2,2,1,2,2,1,2,2,1,1,1,1,2,2,2,1,1,1,2,1,2,2,2,1,1,1,1,2,1,2,2,2,2,1,1,2,1,2,1,2,2,2,2,2,1,1,2,1,1,1,1,2,2,2,1,2,2,2,1,1,1,2,1,2,2,2,1,1,2,1,2,2,2,2,2,2,1,2,2,2,2,2,2,1,2,1,2,2,2,1,1,2,2,1,2,2,2,2,2,1,1,1,1,1,2,2,2,1,2,2,1,1,2,1,2,2,1,2,2,2,1,2,2,2,2,1,2,2,2,1,1,1,1,2,2,2,2,2,2,2,2,2,2,1,1,2,1,2,1,2,2,2,1,1,1,2,2,2,1,2,1,-1,2,1,1,2,2,2,2,2,2,1,1,2,1,1,2,2,2,2,1,2,1,2,2,2,2,2,1,2,2,2,1,2,1,1,2
ESP,1,2,1,1,1,1,1,1,1,1,1,1,1,1,1,1,1,1,1,1,1,1,1,1,1,1,1,1,1,1,1,2,2,1,1,1,1,2,1,1,1,1,2,1,1,1,1,1,1,1,1,1,1,2,1,1,1,1,1,1,1,1,1,1,1,1,1,1,1,1,1,1,1,1,1,1,1,1,1,1,1,1,1,1,1,1,1,1,1,1,1,1,1,1,1,1,2,2,1,1,1,1,1,1,1,1,2,1,1,1,1,1,1,1,1,1,1,1,1,1,1,2,1,1,1,1,2,1,2,1,1,1,1,1,1,1,1,1,1,1,1,1,1,1,1,1,1,1,1,1,1,1,1,1,1,1,1,1,1,1,1,1,1,1,-1,1,1,2,2,1,1,2,1,1,1,1,1,1,1,1,1,2,1,1,1,1,1,1,1,1,1,1,1,1,1,2,1,1,2
LKA,1,2,2,2,1,2,2,1,2,1,1,1,2,1,2,2,2,1,1,1,2,1,2,2,2,1,1,1,1,2,1,2,2,2,2,1,1,2,1,2,1,2,2,2,2,2,1,1,2,1,2,1,1,2,2,2,1,2,2,2,1,1,1,2,1,2,1,2,1,1,2,1,2,2,2,2,1,2,1,2,2,2,2,2,2,1,1,1,1,2,2,1,1,2,2,1,2,2,2,2,2,2,1,1,1,1,2,2,2,1,1,2,1,1,2,2,2,2,1,1,2,2,1,2,2,2,2,1,2,2,2,1,1,1,2,2,2,2,2,2,2,2,2,2,2,1,1,2,1,2,1,2,2,2,1,1,1,2,2,2,1,2,1,1,2,-1,1,2,1,2,2,2,2,1,1,2,1,1,2,2,2,2,1,2,1,2,2,2,2,2,1,1,2,1,1,2,1,1,2
VCT,1,2,1,1,1,1,1,1,1,2,1,1,1,1,1,1,1,1,1,1,1,1,1,2,1,1,1,1,1,2,1,2,2,1,2,1,1,2,1,1,1,1,1,1,1,1,1,1,1,1,1,1,1,2,1,2,1,1,1,1,1,1,1,1,1,1,1,1,1,1,1,1,1,1,1,1,1,2,1,2,1,1,1,1,2,1,1,1,1,1,2,1,1,1,2,1,2,2,1,1,1,1,1,1,1,1,2,1,1,1,1,2,1,1,1,1,1,2,1,2,2,2,1,1,2,1,2,1,2,2,1,1,1,1,1,1,1,2,1,1,1,1,2,1,1,1,1,1,1,1,1,2,1,1,1,1,1,1,1,1,1,1,1,1,1,1,-1,2,1,1,1,2,1,1,1,1,1,1,1,1,2,2,1,1,1,1,1,1,2,1,1,1,1,1,1,2,1,1,2
SDN,1,2,2,2,1,2,2,1,2,2,1,1,1,1,2,2,2,1,1,1,2,1,2,2,2,1,1,1,1,2,1,2,2,2,2,1,1,2,1,2,1,2,2,2,2,2,1,1,2,1,2,1,1,1,2,2,1,2,2,2,1,1,1,2,1,2,2,2,1,1,2,1,2,2,2,2,2,2,1,2,2,2,2,2,2,1,2,1,2,2,2,1,1,2,1,1,2,0,2,2,2,1,1,1,1,1,2,2,2,1,2,2,1,2,2,2,2,2,1,2,2,2,1,2,2,2,2,1,2,2,2,1,1,1,2,2,2,2,2,2,2,2,2,2,2,1,1,1,1,2,1,2,2,2,1,1,1,2,2,2,1,2,1,1,2,1,1,-1,2,2,2,1,2,1,1,2,1,1,2,2,2,2,1,2,1,2,2,2,2,2,1,2,2,2,1,2,1,1,2
SUR,1,2,2,1,1,1,1,1,2,2,1,1,1,1,2,2,1,1,1,1,2,1,1,2,2,1,1,1,1,2,1,2,2,2,1,1,1,2,1,1,1,2,2,2,2,2,1,1,1,1,1,1,1,2,2,2,1,2,2,2,1,1,1,2,1,2,1,2,1,1,1,1,2,1,2,2,1,1,1,2,2,1,2,1,1,1,1,1,1,2,2,1,2,2,2,1,2,2,2,2,2,1,1,1,1,1,2,2,2,1,1,2,1,1,2,1,2,2,1,2,2,2,1,2,2,1,2,1,2,2,2,1,1,1,1,2,2,2,1,1,2,2,1,2,1,1,1,1,1,2,1,2,1,1,1,1,1,2,2,2,1,2,1,1,2,1,1,2,-1,2,2,2,2,1,1,2,1,1,2,1,2,2,1,1,1,2,2,2,2,2,1,2,2,2,1,2,1,1,2
SWE,1,2,1,1,1,1,1,1,1,1,1,1,1,1,1,1,1,1,1,1,1,1,1,1,1,1,1,1,1,1,1,2,2,1,2,1,1,2,1,1,1,1,2,1,1,1,1,1,1,1,1,1,1,2,1,1,1,1,1,1,1,1,1,1,1,1,1,1,1,1,1,1,1,1,1,1,1,1,1,1,1,1,1,1,1,1,1,1,1,1,1,1,1,1,1,1,2,2,1,1,1,1,1,1,1,1,2,1,1,1,1,1,1,1,1,1,1,1,1,1,1,2,1,1,1,1,2,1,2,1,1,1,1,1,1,1,1,1,1,1,1,1,1,1,1,1,1,1,1,1,1,1,1,1,1,1,1,1,1,1,1,1,1,1,1,1,1,2,1,-1,1,2,1,1,1,1,1,1,1,1,1,2,1,1,1,1,1,1,1,1,1,1,1,1,1,2,1,1,2
CHE,1,2,1,1,1,1,1,1,1,1,1,1,1,1,1,1,1,1,1,1,1,1,1,1,1,1,1,1,1,1,1,2,2,1,2,1,1,2,1,1,1,1,2,1,1,1,1,1,1,1,1,1,1,2,1,1,1,1,1,1,1,1,1,1,1,1,1,1,1,1,1,1,1,1,1,1,1,1,1,1,1,1,1,1,1,1,1,1,1,1,1,1,1,1,1,1,2,2,1,1,1,1,1,1,1,1,2,1,1,1,1,1,1,1,1,1,1,1,1,1,1,2,1,1,1,1,2,1,2,1,1,1,1,1,1,1,1,1,1,1,1,1,1,1,1,1,1,1,1,1,1,1,1,1,1,1,1,1,1,1,1,1,1,1,1,1,1,2,2,1,-1,2,1,1,1,1,1,1,1,1,1,2,1,1,1,1,1,1,1,1,1,1,1,1,1,2,1,1,2
SYR,2,2,2,2,1,2,2,1,2,2,1,1,2,2,2,2,2,1,1,1,2,1,2,2,2,1,1,1,1,2,1,2,2,2,2,1,1,2,1,2,1,2,2,2,2,2,1,1,2,1,2,1,1,2,2,2,2,2,2,2,1,2,1,2,1,2,2,2,1,1,2,1,2,2,2,2,2,2,1,2,2,2,2,2,2,2,2,1,2,2,2,1,2,2,1,1,2,0,2,2,2,1,1,1,1,1,2,2,2,2,2,2,1,1,2,2,2,2,1,2,2,2,2,2,2,2,2,1,2,2,2,1,1,1,1,2,2,2,2,2,2,2,2,2,2,1,1,2,1,2,1,2,2,2,1,1,1,2,2,2,1,2,1,1,2,1,2,2,1,2,2,-1,2,1,1,2,1,1,2,2,2,2,1,2,1,2,2,2,2,2,1,2,2,2,1,1,1,1,2
TWN,1,2,1,2,1,2,1,1,1,2,1,1,1,2,2,1,1,1,1,1,1,1,2,1,1,1,1,1,1,1,1,2,2,1,1,1,1,2,1,1,1,1,2,1,1,1,1,1,1,1,1,1,1,2,1,1,1,1,1,1,1,1,0,1,1,1,2,1,1,1,2,1,1,1,1,1,1,1,1,2,1,1,1,2,1,1,2,1,2,1,2,1,1,1,2,1,2,2,1,1,1,1,1,1,1,1,2,1,1,1,1,2,1,1,1,1,1,2,1,2,2,1,1,1,1,1,2,1,2,1,1,1,2,1,1,1,1,1,1,2,1,1,1,1,1,1,1,1,1,1,1,1,2,2,1,1,1,1,1,1,1,2,1,1,1,1,1,2,2,1,1,2,-1,1,1,1,1,1,2,2,2,2,1,1,1,2,2,1,1,2,1,1,1,2,1,2,1,1,2
TJK,1,2,2,2,1,2,1,1,2,1,1,1,1,1,1,2,2,1,1,1,2,1,2,2,2,1,1,1,1,2,1,2,2,2,2,1,1,2,1,2,1,2,2,2,2,2,1,1,2,1,2,1,1,2,2,2,1,2,2,2,1,1,1,2,1,2,2,2,1,1,2,1,2,2,2,2,1,2,1,2,2,2,2,1,2,1,1,1,2,2,2,0,1,2,1,1,2,2,2,2,2,1,1,1,1,1,2,2,1,1,1,2,1,1,2,2,2,2,1,2,1,2,1,2,2,1,2,1,2,2,2,1,1,1,1,2,2,2,2,1,2,2,2,2,1,1,1,2,1,2,1,1,2,2,1,1,1,2,2,2,1,2,1,1,2,1,1,2,2,2,2,2,2,-1,1,2,1,1,2,2,2,2,1,1,1,1,2,2,2,2,1,2,2,2,1,2,1,1,2
TZA,1,2,2,1,1,2,2,1,2,2,1,1,1,1,2,2,1,1,1,1,2,1,2,2,2,1,1,1,1,2,1,2,2,2,2,1,1,2,1,2,1,2,2,2,2,2,1,1,2,1,2,1,1,2,2,1,1,1,2,2,1,1,1,2,1,2,1,2,1,1,2,1,2,1,2,2,1,2,1,2,2,2,2,1,2,1,1,1,1,2,2,1,1,2,2,1,2,2,2,2,2,1,1,1,1,1,2,2,2,1,1,2,1,1,2,1,2,2,1,2,1,2,1,2,2,1,2,1,2,2,2,1,1,1,2,2,2,2,2,1,2,2,2,2,2,1,1,1,1,2,1,2,1,2,1,1,1,2,2,2,1,1,1,1,2,1,1,2,2,2,2,2,2,1,-1,2,1,1,2,2,2,2,1,2,1,2,2,2,2,2,1,1,2,2,1,2,1,1,2
THA,1,2,2,2,1,1,1,1,2,1,1,1,2,1,2,2,2,1,1,1,2,1,1,1,2,1,1,1,1,2,1,2,2,1,2,1,1,2,1,2,1,2,2,2,2,2,1,1,1,1,2,1,1,2,2,2,1,1,2,2,1,2,1,2,1,2,2,2,1,1,2,1,2,1,2,2,1,1,1,2,2,2,2,2,1,1,1,1,1,2,2,1,1,2,2,1,2,2,2,2,2,1,1,1,1,1,2,2,1,1,1,2,1,1,2,1,2,1,1,1,1,2,1,2,2,1,2,1,2,2,2,1,1,1,1,1,1,2,1,1,2,2,1,2,1,1,1,1,1,2,1,1,1,2,1,1,1,2,2,1,1,1,1,1,2,1,1,2,2,2,2,2,1,1,1,-1,1,1,2,2,2,2,1,1,1,2,2,2,2,2,1,1,2,2,1,2,1,1,2
TLS,1,2,1,1,1,2,1,1,1,2,1,1,1,1,2,1,2,1,1,1,1,1,2,2,1,1,1,1,1,2,1,2,2,2,2,1,1,2,1,2,1,1,2,1,1,1,1,1,2,1,1,1,1,2,1,1,1,2,1,1,1,1,1,1,1,1,2,2,1,1,2,1,2,7,1,1,2,1,1,2,2,2,1,2,2,1,2,1,1,1,2,1,1,1,2,1,2,2,1,1,1,1,1,1,1,1,2,1,2,1,1,2,1,1,1,1,1,2,1,2,2,2,1,1,2,2,2,1,2,2,1,1,1,1,1,2,2,2,2,2,1,1,2,1,2,1,1,1,1,1,1,2,2,2,1,1,1,1,1,2,1,2,1,1,1,1,1,2,2,1,1,2,2,1,1,2,-1,1,2,2,2,2,1,1,1,2,2,2,2,2,1,2,1,2,1,2,1,1,2
TGO,1,2,2,2,1,2,2,1,2,2,1,1,1,1,2,2,2,1,1,1,2,1,2,2,2,1,1,1,1,2,1,2,1,2,2,1,1,1,1,2,1,2,2,2,2,2,1,1,2,1,2,1,1,2,2,2,1,2,2,2,1,1,1,2,1,2,2,2,1,1,2,1,2,2,2,2,1,2,1,2,2,2,2,2,2,1,1,1,1,2,2,1,1,2,2,1,1,2,2,2,2,1,1,1,1,1,1,2,2,1,1,2,1,1,2,1,2,1,1,2,1,2,1,2,2,1,1,1,2,2,2,1,1,1,2,2,2,2,2,1,2,2,2,2,2,1,1,1,1,2,1,2,1,2,1,1,1,2,2,2,1,2,1,1,2,1,1,2,2,2,2,2,2,1,1,2,1,-1,2,2,2,2,1,2,1,2,2,2,2,2,1,2,2,2,1,2,1,1,2
TON,1,2,1,1,1,2,1,1,1,2,1,1,1,1,2,1,1,1,1,1,1,1,2,2,1,1,1,1,1,2,1,2,2,1,1,1,1,2,1,1,1,1,2,1,1,1,1,1,1,1,1,1,1,2,1,1,1,1,1,1,1,1,1,1,1,1,1,2,1,1,2,1,2,1,1,1,1,2,1,2,1,1,1,1,2,1,1,1,1,1,2,1,2,1,2,1,2,2,1,1,1,1,1,1,1,1,2,1,1,1,1,2,1,1,1,1,2,2,1,2,2,1,1,1,2,1,2,1,2,2,1,1,1,1,1,1,1,2,1,2,1,1,2,1,2,1,1,1,1,1,1,2,2,2,1,1,1,1,1,1,1,2,1,1,1,1,1,2,2,1,1,2,2,1,1,2,1,1,-1,1,2,2,1,2,1,2,2,1,2,2,1,1,1,2,1,2,1,1,2
TTO,1,2,1,1,1,1,1,1,1,1,1,1,1,1,2,1,1,1,1,1,1,1,1,2,1,1,1,1,1,2,1,2,2,1,2,1,1,2,1,1,1,1,2,1,1,1,1,1,1,1,1,1,1,2,1,1,1,1,1,1,1,1,1,1,1,1,1,1,1,1,1,1,1,1,1,1,1,2,1,2,1,1,1,1,2,1,1,1,1,1,2,1,1,1,2,1,2,2,1,1,1,1,1,1,1,1,2,1,2,1,1,1,1,1,1,1,1,2,1,2,2,2,1,1,2,1,2,1,2,2,1,1,1,1,1,1,2,2,1,1,1,1,2,1,2,1,1,1,1,1,1,2,1,1,1,1,1,1,1,1,1,1,1,1,1,1,1,2,1,1,1,2,2,1,1,1,1,1,2,-1,2,2,1,1,1,2,2,1,2,1,1,1,1,1,1,2,1,1,2
TUN,1,1,2,2,1,2,1,1,2,2,1,1,2,1,2,2,1,1,1,1,2,1,1,2,2,1,1,1,1,2,1,2,2,2,2,1,1,2,1,2,1,2,2,2,2,2,1,1,2,1,2,1,1,2,2,2,1,1,2,2,1,1,1,2,1,2,2,2,1,1,2,1,2,1,2,2,2,1,1,2,2,2,2,2,1,1,1,1,2,2,2,1,1,2,1,1,2,1,2,2,2,1,1,1,1,1,1,2,2,1,1,2,1,1,2,2,2,1,1,2,1,2,1,2,2,1,1,1,2,2,2,1,1,1,1,2,2,2,2,1,2,2,2,2,2,1,1,2,1,2,1,2,1,2,1,1,1,2,2,2,1,1,1,1,2,1,1,2,1,2,2,1,2,1,1,2,1,1,2,2,-1,2,1,1,1,2,2,2,2,2,1,1,2,2,1,2,1,1,2
TUR,1,2,2,1,1,1,1,1,2,1,1,1,1,1,1,2,1,1,1,1,1,1,1,1,2,1,1,1,1,2,1,2,2,1,2,1,1,2,1,1,1,2,2,2,2,2,1,1,1,1,1,1,1,2,2,1,1,1,2,2,1,1,1,2,1,2,2,1,1,1,2,1,1,1,2,2,2,1,1,2,2,2,2,1,1,1,1,1,2,1,1,1,1,2,1,1,2,1,2,2,2,1,1,1,1,1,2,2,1,1,1,1,1,1,2,1,1,1,1,1,1,2,1,2,2,1,2,1,2,1,2,1,1,1,1,1,2,1,1,1,2,2,1,2,1,1,1,1,1,2,1,1,1,1,1,1,1,2,2,2,1,1,1,1,2,1,1,1,2,2,2,2,1,1,1,1,1,1,1,1,1,2,1,-1,1,1,2,2,2,1,1,1,2,1,1,2,1,1,2
TKM,1,2,2,2,1,2,2,1,2,1,1,1,1,1,2,2,2,1,1,1,2,1,2,2,2,1,1,1,1,2,1,2,2,2,2,1,1,2,1,2,1,2,2,2,2,2,1,1,2,1,2,1,1,2,2,2,1,2,2,2,1,1,1,2,1,2,2,2,1,1,2,1,2,2,2,2,2,2,1,2,2,2,2,1,2,1,1,1,2,2,2,1,1,2,1,1,2,2,2,2,2,1,1,1,1,1,2,2,1,1,1,2,1,1,2,2,2,2,1,2,1,2,1,2,2,1,2,1,2,2,2,1,1,1,1,2,2,2,2,1,2,2,2,2,2,1,1,2,1,2,1,2,2,2,1,1,1,2,2,2,1,2,1,1,2,1,1,2,2,2,2,2,2,1,1,2,1,1,2,2,2,-1,1,2,1,2,2,2,2,2,1,2,2,2,1,2,1,1,2
TUV,1,2,1,1,1,2,1,1,1,2,1,1,1,1,2,1,1,1,1,1,1,1,2,2,1,1,1,1,1,2,1,2,2,2,2,1,1,2,1,1,1,1,2,1,1,1,1,1,1,1,1,1,1,2,1,1,1,1,1,1,1,1,1,1,1,1,1,1,1,1,2,1,1,1,1,1,1,2,1,2,1,2,1,1,2,1,1,1,1,1,2,1,1,1,2,1,2,2,1,1,1,1,1,1,1,1,2,1,1,1,1,2,1,1,1,1,2,2,1,2,2,1,1,1,2,1,2,1,2,2,1,1,1,1,1,1,1,2,1,1,1,1,2,1,2,1,1,1,1,1,1,2,1,2,1,1,1,1,1,1,1,2,1,1,1,1,1,2,2,1,1,2,1,1,1,1,1,1,1,1,2,2,-1,2,1,2,2,1,2,2,1,1,1,2,1,2,1,1,2
UGA,1,2,2,2,1,2,2,1,2,2,1,1,1,1,2,2,1,1,1,1,2,1,2,2,2,1,1,1,1,2,1,2,2,2,2,1,1,2,1,2,1,2,2,2,2,2,1,1,2,1,2,1,1,1,2,1,1,1,2,2,1,1,1,2,1,2,1,2,1,1,2,1,2,1,2,2,1,2,1,2,2,2,2,1,2,1,1,1,1,2,2,1,1,2,2,1,2,2,2,2,2,1,1,1,1,1,2,2,2,1,2,2,1,1,2,1,2,2,1,1,1,2,1,2,2,1,2,1,2,2,2,1,1,1,2,2,2,2,2,1,2,2,2,2,2,1,1,1,1,2,1,2,1,2,1,1,1,2,2,2,1,1,1,1,2,1,1,2,2,2,2,2,2,1,1,2,1,1,2,2,2,2,1,2,-1,2,2,2,2,2,1,1,2,2,1,2,1,1,2
UKR,1,2,1,2,1,1,1,1,1,1,1,1,1,1,1,1,2,1,1,1,1,1,1,1,1,1,1,1,1,2,1,2,2,1,2,1,1,2,1,1,1,1,2,1,1,1,1,1,1,1,1,1,1,2,1,1,1,1,1,1,1,1,1,1,1,1,1,1,1,1,2,1,1,1,1,1,1,1,1,2,1,1,1,1,2,1,1,1,1,1,1,1,1,1,1,1,2,2,1,1,1,1,1,1,1,1,2,1,1,1,1,1,1,1,1,2,1,2,1,1,1,2,1,1,2,1,2,1,2,1,1,1,1,1,1,1,2,1,1,2,1,1,1,1,1,1,1,2,1,1,1,1,1,1,1,1,1,1,1,2,1,2,1,1,1,1,1,2,2,1,1,2,2,1,1,1,1,1,1,2,1,2,1,1,1,-1,1,2,2,1,1,1,1,2,1,2,1,1,2
ARE,1,2,1,1,1,1,1,1,1,1,1,1,1,1,1,1,2,1,1,1,1,1,1,1,1,1,1,1,1,1,1,1,1,1,1,1,1,1,1,1,1,1,1,1,1,1,1,1,1,1,1,1,1,2,1,2,1,1,1,1,1,1,1,1,1,1,1,1,1,1,1,1,1,1,1,1,1,1,1,1,1,1,1,1,1,1,1,1,1,1,1,1,1,1,1,1,2,2,1,1,1,1,1,1,1,1,1,1,1,1,1,1,1,1,1,1,1,1,1,2,1,1,1,1,1,1,2,1,2,1,1,1,1,1,1,1,2,1,1,1,1,1,1,1,1,1,1,1,1,1,1,1,1,1,1,1,1,1,1,1,1,1,1,1,1,1,1,1,2,1,1,1,1,1,1,1,1,1,1,2,1,2,1,1,1,1,-1,1,2,1,1,1,1,2,1,1,1,1,2
GBR,1,2,1,1,1,1,1,1,1,1,1,1,1,1,1,1,1,1,1,1,1,1,1,1,1,1,1,1,1,1,1,2,2,1,2,1,1,2,1,1,1,1,2,1,1,1,1,1,1,1,1,1,1,2,1,1,1,1,1,1,1,1,1,1,1,1,1,1,1,1,1,1,1,1,1,1,1,1,2,1,1,1,1,1,1,1,1,1,1,1,1,1,1,1,1,1,2,2,1,1,1,1,1,1,1,1,2,1,1,1,1,1,1,1,1,1,1,1,1,1,1,2,1,1,1,1,2,1,2,1,1,1,1,1,1,1,1,1,1,1,1,1,1,1,2,1,1,1,1,1,1,1,1,1,1,1,1,1,1,1,1,1,1,1,1,1,1,2,2,1,1,2,1,1,1,1,1,1,1,1,1,2,1,1,1,1,1,-1,1,1,1,1,1,1,1,2,1,1,2
USA,1,2,1,1,1,1,1,1,1,1,1,1,1,1,2,1,1,1,1,1,1,1,1,1,1,1,1,1,1,1,1,1,2,1,2,1,1,2,1,1,1,1,2,1,1,1,1,1,1,1,1,1,1,2,1,1,1,1,1,1,1,1,1,1,1,1,1,1,1,1,1,1,1,1,1,1,1,1,2,1,1,1,1,1,1,1,1,1,1,1,1,1,1,1,1,1,2,2,1,1,1,1,1,1,1,1,2,1,1,1,1,1,1,1,1,1,1,1,1,1,1,2,1,1,1,1,2,1,2,1,1,1,1,1,1,1,1,1,1,1,1,1,1,1,2,1,1,1,1,1,1,1,1,1,1,1,1,1,1,1,1,1,1,1,1,1,1,2,2,1,1,2,1,1,1,1,1,1,1,1,1,2,1,1,1,1,1,1,-1,1,1,1,1,2,1,2,1,1,2
URY,1,2,1,1,1,1,1,1,1,2,1,1,1,1,1,1,1,1,1,1,1,1,1,2,1,1,1,1,1,2,1,2,2,1,2,1,1,2,1,1,1,1,2,1,1,1,1,1,1,1,1,1,1,2,1,1,1,1,1,1,1,2,1,1,1,1,1,1,1,1,1,1,1,1,1,1,1,2,1,2,1,1,1,1,1,1,1,1,1,1,2,1,1,1,1,1,2,2,1,1,1,1,1,1,1,1,2,1,1,1,1,1,1,1,1,1,1,2,1,1,2,2,1,1,1,1,2,1,2,1,1,1,1,1,1,1,1,1,1,1,1,1,1,1,1,1,1,1,1,1,1,2,2,1,1,1,1,1,1,2,1,1,1,1,1,1,1,2,2,1,1,2,2,1,1,2,1,1,2,1,2,2,1,1,1,1,1,1,2,-1,1,1,1,1,1,2,1,1,2
UZB,1,2,2,2,1,2,1,1,2,1,1,1,2,1,1,2,2,1,1,1,2,1,2,2,2,1,1,1,1,2,1,2,2,2,2,1,1,2,1,2,1,2,2,2,2,2,1,1,2,1,2,1,1,2,2,2,1,2,2,2,1,1,1,2,1,2,2,2,1,1,2,1,2,2,2,2,1,1,1,2,2,2,2,1,2,1,1,1,2,2,2,1,1,2,1,1,2,2,2,2,2,1,1,1,1,1,2,2,2,1,1,2,1,1,2,1,2,2,1,1,1,2,1,2,2,1,2,1,2,2,2,1,1,1,1,2,2,2,2,1,2,2,1,2,1,1,1,2,1,2,1,1,2,2,1,1,1,2,2,2,1,2,1,1,2,1,1,2,2,2,2,2,2,1,1,1,1,1,2,2,2,2,1,1,1,1,2,2,2,2,-1,2,2,2,1,2,1,1,2
VUT,1,2,2,1,1,2,1,1,2,2,1,1,1,1,1,2,1,1,1,1,1,1,2,2,2,1,1,1,1,2,1,2,2,2,2,1,1,2,1,1,1,2,2,2,2,2,1,1,1,1,1,1,1,2,2,1,1,1,2,2,1,1,1,2,1,2,1,1,1,1,2,1,1,1,2,2,1,2,1,2,1,1,2,1,2,1,1,1,1,1,2,1,1,2,2,1,2,2,2,2,2,1,1,1,1,1,2,2,1,1,1,2,1,1,2,1,1,2,1,2,2,1,1,2,2,1,2,1,2,2,2,1,1,1,1,1,1,2,1,1,2,2,2,2,1,1,1,1,1,2,1,2,1,2,1,1,1,2,2,1,1,2,1,1,2,1,1,2,2,2,2,2,2,1,1,1,1,1,1,1,2,2,1,2,1,2,2,2,2,2,1,-1,2,2,1,2,1,1,2
VAT,1,2,1,1,1,1,1,1,1,1,1,1,1,2,1,1,1,1,1,1,1,1,1,2,1,1,1,1,1,1,1,2,2,1,2,1,1,2,1,1,1,1,2,1,1,1,1,1,1,1,1,1,1,2,1,1,1,1,1,1,1,1,1,1,1,1,1,1,1,1,2,1,1,1,1,1,1,1,1,2,1,1,1,2,2,1,1,1,2,1,1,1,1,1,2,1,2,2,1,1,1,1,1,1,1,1,2,1,1,1,1,2,1,1,1,1,1,2,1,2,2,2,1,1,1,1,2,1,2,1,1,1,1,1,1,1,1,2,1,1,1,1,1,1,1,1,1,2,1,1,1,2,1,1,1,1,1,1,1,2,1,2,1,1,1,1,1,2,2,1,1,2,1,1,1,1,1,1,2,2,1,2,1,1,1,1,1,1,2,1,1,1,-1,2,1,2,1,1,2
VEN,1,2,1,1,1,1,1,1,1,2,1,1,1,1,1,1,2,1,1,1,1,1,1,2,1,1,1,1,1,2,1,2,2,2,2,1,1,2,1,2,1,1,2,1,1,1,1,1,2,1,1,1,1,2,1,2,1,1,1,1,1,1,1,1,1,1,1,2,1,1,2,1,2,1,1,1,1,2,1,2,2,2,1,1,2,1,1,1,1,1,2,1,1,1,1,1,2,2,1,1,1,1,1,1,1,1,2,1,2,1,1,2,1,1,1,2,1,2,1,1,1,2,1,1,2,2,2,1,2,1,1,1,1,1,1,2,2,1,2,1,1,1,1,1,1,1,1,2,1,1,1,2,2,2,1,1,1,1,1,2,1,1,1,1,1,1,1,2,1,1,1,2,2,1,1,2,1,1,2,2,2,2,1,1,1,2,2,2,2,1,1,2,1,-1,1,2,1,1,2
VNM,1,2,2,2,1,2,1,1,2,1,1,1,2,1,2,2,2,1,1,1,2,1,2,1,2,1,1,1,1,2,1,2,2,1,2,1,1,2,1,2,1,2,2,2,2,2,1,1,2,1,2,1,1,2,2,2,1,2,2,2,1,2,1,2,1,2,2,2,1,1,2,1,2,2,2,2,1,1,1,2,2,2,2,2,2,1,1,1,2,2,2,1,1,2,2,1,2,2,2,2,2,2,1,1,1,1,2,2,1,1,1,2,1,1,2,2,2,2,1,1,1,2,1,2,2,2,2,1,2,2,2,1,1,1,1,1,1,2,2,1,2,2,2,2,1,1,1,1,1,2,1,2,2,2,1,1,1,2,2,2,1,2,1,1,2,1,1,2,2,2,2,2,1,1,1,1,1,1,2,2,2,2,1,2,1,2,2,2,2,2,1,2,2,2,-1,2,1,1,2
YEM,1,2,2,2,1,2,2,1,2,2,1,1,2,2,2,2,2,1,1,1,2,1,2,2,2,1,1,1,1,2,1,2,2,2,2,1,1,2,1,2,1,2,2,2,2,2,1,1,2,1,2,1,1,2,2,2,1,2,2,2,1,2,1,2,1,2,2,2,1,1,2,1,2,2,2,2,2,2,1,2,2,2,2,2,2,2,2,1,2,2,2,1,1,2,1,1,2,0,2,2,2,1,1,1,1,1,2,2,2,1,2,2,1,1,2,2,2,2,1,2,2,2,1,2,2,2,2,1,2,2,2,1,1,1,1,2,2,2,2,2,2,2,2,2,2,1,1,2,1,2,1,2,2,2,1,1,1,2,2,2,1,2,1,1,2,1,1,1,2,2,2,1,2,1,1,2,1,1,2,2,2,2,1,2,1,2,2,2,2,2,1,2,2,2,1,-1,1,1,2
ZMB,1,2,2,1,1,2,2,1,2,2,1,1,1,1,2,2,1,1,1,1,2,1,2,2,2,1,1,1,1,2,1,2,2,2,2,1,1,2,1,2,1,2,2,2,2,2,1,1,2,1,2,1,1,2,2,1,1,1,2,2,1,1,1,2,1,2,1,2,1,1,2,1,2,1,2,2,1,2,1,2,2,2,2,1,2,1,1,1,1,2,2,1,2,2,2,1,2,2,2,2,2,1,1,1,1,1,2,2,2,1,1,2,1,2,2,1,2,2,1,2,1,2,1,2,2,1,2,1,2,2,2,1,1,1,2,2,1,2,2,1,2,2,2,2,2,1,1,1,1,2,1,2,1,2,1,1,1,2,2,2,1,1,1,1,2,1,1,2,1,2,2,2,2,1,1,2,1,1,2,1,2,2,1,2,1,2,2,2,2,2,1,1,2,2,1,2,-1,1,2
ZWE,1,2,2,1,1,2,2,1,2,2,1,1,1,1,2,2,1,1,1,1,2,1,2,2,2,1,1,1,1,2,1,2,2,2,2,1,1,2,1,2,1,2,2,2,2,2,1,1,2,1,2,1,1,2,2,1,1,1,2,2,1,1,1,2,1,2,2,2,1,1,2,1,2,1,2,2,1,2,1,2,2,2,2,2,2,1,1,1,2,2,2,1,2,2,2,1,2,2,2,2,2,1,1,1,1,1,2,2,2,1,1,2,1,2,2,1,2,2,1,2,1,2,2,2,2,1,2,1,2,2,2,1,1,1,1,2,2,2,2,1,2,2,2,2,2,1,1,1,1,2,1,2,1,2,1,1,1,2,2,2,1,1,1,1,2,1,1,2,2,2,2,2,2,1,1,2,1,1,2,1,2,2,1,2,1,2,2,2,2,2,1,1,2,2,1,2,1,-1,2
